Date,movement_percentage,Open,High,Low,Close,Volume
2014-11-21,0.0,-0.05474176902055228,-0.7258689493680521,0.6883390039121338,-0.010788665907163554,0
2014-11-24,0.0,-0.05474176902055228,-0.7258689493680521,0.6883390039121338,-0.010788665907163554,0
2014-11-25,0.006224066390041361,0.27387720792862774,-0.5381101623980963,0.5586983552439668,0.14959876753443963,1100
2014-11-26,0.0,-0.05474176902055228,-0.7258689493680521,0.6883390039121338,-0.010788665907163554,0
2014-11-28,0.0,-0.05474176902055228,-0.7258689493680521,0.6883390039121338,-0.010788665907163554,0
2014-12-01,-0.004742268041237049,-0.16360386310268613,-0.7258689493680521,0.527290569226429,-0.13299176467923088,2300
2014-12-02,0.0,-0.05474176902055228,-0.7258689493680521,0.6883390039121338,-0.010788665907163554,0
2014-12-03,0.0,-0.05474176902055228,-0.7258689493680521,0.6883390039121338,-0.010788665907163554,0
2014-12-04,-0.010772736689455066,-0.6235219664001702,-1.0508455557222385,0.35176212197523216,-0.28839039450189746,500
2014-12-05,0.0,-0.05474176902055228,-0.7258689493680521,0.6883390039121338,-0.010788665907163554,0
2014-12-08,0.006282722513088871,0.44283209555381225,0.0006559764081858964,0.8846325934138711,0.1511102721427854,9100
2014-12-09,-0.004162330905306884,-0.274504997448584,-0.8514322311155627,0.5582936497850695,-0.1180474143204168,100
2014-12-10,0.0010449320794148158,0.5521331232763964,-0.31608261737441534,0.7209862310062054,0.01613809930316409,5200
2014-12-11,0.004175365344467552,0.16570965323345477,-0.5999124631891818,0.8187915981878215,0.0968059658518516,100
2014-12-12,-0.0031185031185030523,-0.21939285726327695,-0.8199435183072586,0.5909063750274351,-0.09114910553174874,100
2014-12-15,0.0031282586027110908,0.11042439040541176,-0.6315000908492662,0.7860764272563245,0.06982316195399407,100
2014-12-16,0.0,-0.05474176902055228,-0.7258689493680521,0.6883390039121338,-0.010788665907163554,100
2014-12-17,0.003118503118503237,0.1099093192221841,-0.631794380428839,0.7857716327968391,0.06957177371742736,100
2014-12-18,-0.0020725388601035826,0.16411052374560206,-0.600826137182189,0.3969498153512559,-0.06419574218961775,1400
2014-12-19,0.0010384215991692406,-0.27404858368238433,-0.6945433227430899,0.5585637335942601,0.015970331295622968,1300
2014-12-22,0.0,-0.05474176902055228,-0.7258689493680521,0.6883390039121338,-0.010788665907163554,0
2014-12-23,0.0,-0.05474176902055228,-0.7258689493680521,0.6883390039121338,-0.010788665907163554,0
2014-12-24,-0.004149377593361091,-0.2738210869866782,-0.8510414740146928,0.5586983552439668,-0.11771362153490186,0
2014-12-26,0.004166666666666763,0.16525037943710497,-0.6001748725353806,0.8185198219497547,0.09658181036902652,0
2014-12-29,-0.004149377593361091,-0.2738210869866782,-0.8510414740146928,0.5586983552439668,-0.11771362153490186,13300
2014-12-30,0.0,-0.05474176902055228,-0.7258689493680521,0.6883390039121338,-0.010788665907163554,0
2014-12-31,0.0,-0.05474176902055228,-0.7258689493680521,0.6883390039121338,-0.010788665907163554,0
2015-01-02,0.0,-0.05474176902055228,-0.7258689493680521,0.6883390039121338,-0.010788665907163554,0
2015-01-05,0.005208333333333408,0.38524252789473873,-0.41163375728638657,0.8510650264591565,0.12342442943807118,7200
2015-01-06,0.0010362694300517913,0.16411052374560206,-0.41326191890339115,0.7142402651175421,0.015914872234064976,20400
2015-01-07,0.0072463768115942325,0.38250970617476643,-0.4760422128062346,0.914740426586247,0.1759425971818542,500
2015-01-08,0.0020554984583761125,-0.3803211048674291,-0.6638615938904815,0.43145599195712825,0.0421792977234284,2100
2015-01-09,0.0,-0.05474176902055228,-0.7258689493680521,0.6883390039121338,-0.010788665907163554,0
2015-01-12,0.0,-0.05474176902055228,-0.7258689493680521,0.6883390039121338,-0.010788665907163554,0
2015-01-13,0.005128205128205201,-0.10889368248704612,-0.5711685471124646,0.6562944948567231,0.1213596125866018,2100
2015-01-14,-0.007142857142857171,-0.48574679457022596,-0.8182156180614434,0.4332908706139505,-0.19485233952347958,6600
2015-01-15,-0.004110996916752407,-0.3260578822262859,-0.8498836603232034,0.4956767449458796,-0.11672459316835603,2300
2015-01-16,0.0010319917440660255,-0.10922898845278338,-0.3834206905050568,0.6560960768439958,0.01580464091046574,5700
2015-01-20,0.002061855670103232,-0.5990522394312217,-0.6014706877604663,0.3662421345407174,0.04234311616765504,2200
2015-01-21,0.0030864197530863537,-0.7065703570432109,-0.477584353155381,0.3026180615784593,0.06874502022334401,5800
2015-01-22,-0.006153846153846205,-0.5962609036855259,-0.818689190721402,0.36789391335800675,-0.16936660009968313,1200
2015-01-23,0.006191950464396336,-0.0002545495883211812,-0.5079473300916042,0.7205819309802716,0.14877117499862366,1800
2015-01-26,-0.0010256410256410037,-0.3796532498195388,-0.5092883862102269,0.39993842241341737,-0.03721832160591491,292800
2015-01-27,0.0041067761806980645,-0.27157181267490915,-0.6019815635781577,0.49587455013988935,0.0950384975683355,3300
2015-01-28,-0.004089979550102162,-0.2706849822305067,-0.6950237771391796,0.36887687375847905,-0.11618299844820126,7400
2015-01-29,0.0010266940451745161,-0.37998683450208465,-0.6019815635781577,0.49587455013988935,0.01566812496170835,4000
2015-01-30,0.0010256410256410037,-0.32550133635304496,-0.6949288689169333,0.46402744052424205,0.015640989791590662,2500
2015-02-02,-0.005122950819672022,-0.4334167786607643,-0.7876857084660835,0.46425726794574734,-0.14280154657460215,2800
2015-02-03,0.0010298661174047154,-0.3266167207704771,-0.6948014123548322,0.527456427552568,0.01574986581918217,1500
2015-02-04,-0.002057613168724419,-0.27201796502810904,-0.6327622257882997,0.49547853274529646,-0.06381112332750574,11900
2015-02-05,-0.002061855670103049,-0.16360386310268613,-0.788068080171845,0.6239196300378504,-0.06392044798197642,300
2015-02-06,0.0,-0.05474176902055228,-0.7258689493680521,0.6883390039121338,-0.010788665907163554,0
2015-02-09,0.0,-0.05474176902055228,-0.7258689493680521,0.6883390039121338,-0.010788665907163554,0
2015-02-10,0.0010330578512396473,0.4906933098000536,-0.41423074234491764,0.6883390039121338,0.015832113334864915,400
2015-02-11,0.0,-0.05474176902055228,-0.7258689493680521,0.6883390039121338,-0.010788665907163554,0
2015-02-12,0.004127966976264286,-0.10922898845278338,-0.4456840102983372,0.5916102227077166,0.09558456136336506,3400
2015-02-13,0.0,-0.05474176902055228,-0.7258689493680521,0.6883390039121338,-0.010788665907163554,0
2015-02-17,0.0,-0.05474176902055228,-0.7258689493680521,0.6883390039121338,-0.010788665907163554,0
2015-02-18,0.0020554984583761125,0.05378467626173413,-0.6638615938904815,0.7525597569008816,0.0421792977234284,900
2015-02-19,0.0,-0.05474176902055228,-0.7258689493680521,0.6883390039121338,-0.010788665907163554,0
2015-02-20,0.0,-0.05474176902055228,-0.7258689493680521,0.6883390039121338,-0.010788665907163554,0
2015-02-23,-0.007179487179487209,-0.05474176902055228,-0.7258689493680521,0.46402744052424205,-0.19579625579843735,1900
2015-02-24,0.0,-0.05474176902055228,-0.7258689493680521,0.6883390039121338,-0.010788665907163554,0
2015-02-25,0.0,-0.05474176902055228,-0.7258689493680521,0.6883390039121338,-0.010788665907163554,0
2015-02-26,0.0,-0.05474176902055228,-0.7258689493680521,0.6883390039121338,-0.010788665907163554,0
2015-02-27,0.0,-0.05474176902055228,-0.7258689493680521,0.6883390039121338,-0.010788665907163554,0
2015-03-02,0.007231404958677716,0.32706278615387535,-0.507722204451856,0.881996419174702,0.17555678878704145,1400
2015-03-03,0.0,-0.05474176902055228,-0.7258689493680521,0.6883390039121338,-0.010788665907163554,0
2015-03-04,0.0,-0.05474176902055228,-0.7258689493680521,0.6883390039121338,-0.010788665907163554,0
2015-03-05,0.0,-0.05474176902055228,-0.7258689493680521,0.6883390039121338,-0.010788665907163554,0
2015-03-06,-0.005128205128205201,-0.32550133635304496,-0.880569351623643,0.46402744052424205,-0.14293694440093177,1300
2015-03-09,0.0,-0.05474176902055228,-0.7258689493680521,0.6883390039121338,-0.010788665907163554,0
2015-03-10,0.0,-0.05474176902055228,-0.7258689493680521,0.6883390039121338,-0.010788665907163554,0
2015-03-11,0.0,-0.05474176902055228,-0.7258689493680521,0.6883390039121338,-0.010788665907163554,0
2015-03-12,0.0,-0.05474176902055228,-0.7258689493680521,0.6883390039121338,-0.010788665907163554,0
2015-03-13,0.0,-0.05474176902055228,-0.7258689493680521,0.6883390039121338,-0.010788665907163554,0
2015-03-16,0.0,-0.05474176902055228,-0.7258689493680521,0.6883390039121338,-0.010788665907163554,0
2015-03-17,0.0,-0.05474176902055228,-0.7258689493680521,0.6883390039121338,-0.010788665907163554,0
2015-03-18,0.0010309278350517075,-0.05474176902055228,-0.694769383966149,0.6883390039121338,0.015777225130248606,300
2015-03-19,0.0,0.16275819237938757,-0.6015988013151589,0.6883390039121338,-0.010788665907163554,700
2015-03-20,0.0,-0.05474176902055228,-0.7258689493680521,0.6883390039121338,-0.010788665907163554,0
2015-03-23,0.004119464469618862,0.16275819237938757,-0.47732865326227225,0.8170450649997862,0.09536546099823079,1500
2015-03-24,0.0,-0.05474176902055228,-0.7258689493680521,0.6883390039121338,-0.010788665907163554,0
2015-03-25,0.0020512820512820075,0.0535620579124354,-0.6330487080147023,0.752428022022955,0.042070645490339155,1000
2015-03-26,0.0,-0.05474176902055228,-0.7258689493680521,0.6883390039121338,-0.010788665907163554,0
2015-03-27,0.001023541453428842,0.05334035099958131,-0.6641154622854732,0.7203179152007971,0.01558688609517177,2400
2015-03-30,0.0019427402862985817,-0.05474176902055228,-0.667263122133189,0.6883390039121338,0.03927364204983122,900
2015-03-31,0.00010205122971744282,-0.10323478266158834,-0.7227904129418999,0.6277588906096018,-0.008158916513724843,1300
2015-04-01,0.0,-0.05474176902055228,-0.7258689493680521,0.6883390039121338,-0.010788665907163554,1000
2015-04-02,0.013265306122448877,0.21463637194799154,0.5054199665437663,0.8477440872234969,0.3310438708088486,6300
2015-04-06,0.0,-0.05474176902055228,-0.7258689493680521,0.6883390039121338,-0.010788665907163554,0
2015-04-07,0.0,-0.05474176902055228,-0.7258689493680521,0.6883390039121338,-0.010788665907163554,0
2015-04-08,0.05135951661631418,0.05159884654810152,0.8234719372702368,0.7512662875556955,1.312690316590821,7000
2015-04-09,-0.024904214559386954,-2.077658076677069,-1.4771438913563963,-0.5685792392096621,-0.6525432367533248,7100
2015-04-10,0.020628683693516784,-0.9883037349704858,-0.10357214461693642,0.1359017407269716,0.5207901164425154,200
2015-04-13,0.0,-0.05474176902055228,-0.7258689493680521,0.6883390039121338,-0.010788665907163554,0
2015-04-14,-0.014436958614052007,-0.8169859792684154,-1.1613825938315718,0.23727938414753866,-0.38281341527604384,100
2015-04-15,-0.011718750000000097,-0.6734696865576884,-1.0793835404599268,0.3222054531813393,-0.312768130433936,300
2015-04-16,0.0,-0.05474176902055228,-0.7258689493680521,0.6883390039121338,-0.010788665907163554,0
2015-04-17,-0.006916996047430683,-0.4199461261439097,-0.9345310532009308,0.47222855499594035,-0.18903214431031218,200
2015-04-20,0.0,-0.05474176902055228,-0.7258689493680521,0.6883390039121338,-0.010788665907163554,0
2015-04-21,-0.0029850746268657844,-0.05474176902055228,-0.7258689493680521,0.5950751342732412,-0.08771079816473239,5400
2015-04-22,0.0,-0.05474176902055228,-0.7258689493680521,0.6883390039121338,-0.010788665907163554,0
2015-04-23,0.0,-0.05474176902055228,-0.7258689493680521,0.6883390039121338,-0.010788665907163554,0
2015-04-24,0.0019960079840318935,0.05064369131844274,-0.6656562179512049,0.7507010724331483,0.040646292788016125,2000
2015-04-27,0.0,-0.05474176902055228,-0.7258689493680521,0.6883390039121338,-0.010788665907163554,0
2015-04-28,0.005976095617529931,-0.002154004448991687,-0.545590592157855,0.7194579245585824,0.14320882994712517,2700
2015-04-29,0.0,-0.21156785504975978,-0.7258689493680521,0.595536836598194,-0.010788665907163554,9600
2015-04-30,0.14752475247524754,10.138953822878314,8.98119837038234,4.338557584927223,3.7907640386833013,2344700
2015-05-01,0.031924072476272734,-0.6014004295537828,0.6015646144212695,0.36485258808096405,0.8118600220415213,1613000
2015-05-04,-0.00752508361204027,-0.2313240955417457,-0.2718568992701342,-0.12148146949911519,-0.20470190065345453,214400
2015-05-05,-0.020219039595619076,0.39006122701850854,-0.4208993273983164,-0.20658557501536004,-0.5318113646020421,74600
2015-05-06,-0.024075666380051687,0.0814528542722287,-0.544298829781744,-0.34594367765928724,-0.6311924497214053,93000
2015-05-07,-0.01762114537444928,0.17784904873202712,-0.5398195669197016,0.1377945752068061,-0.46486645103992497,348000
2015-05-08,0.00896860986547082,-0.244152049306958,-0.4553166763650049,-0.20833246023932916,0.22032267316265175,136400
2015-05-11,-0.00177777777777774,-0.9933749357731708,-0.43090684906740095,-0.005958692288478231,-0.05660006911833543,329500
2015-05-12,-0.0035618878005343655,-0.1957874919853859,-0.5646939977749678,0.18755437886984233,-0.10257464740773273,188100
2015-05-13,0.0008936550491510087,0.22835804668901952,-0.4293252828459438,0.15784344515295573,0.012239854473785703,139700
2015-05-14,0.03214285714285725,0.2281052789964205,0.6747221924816491,-0.06485001473406209,0.8174978653662643,1546100
2015-05-15,0.0008650519031141683,-0.28310732105271164,-0.2300514836613487,0.12076865537443356,0.011502782454673018,451100
2015-05-18,0.0008643042350907335,0.26469367558518975,-0.4390648328267931,0.6883390039121338,0.011483515861446077,49400
2015-05-19,-0.014680483592400685,-0.5106840456167081,-0.5435148482636688,-0.040133967490060825,-0.38908878957455056,88900
2015-05-20,0.007887817703768611,-0.9339391370896691,-0.3028494445149098,0.11330716963555049,0.19247183256484388,142000
2015-05-21,0.02347826086956518,-0.05474176902055228,0.5857214175814983,0.5524981503076637,0.5942206265012501,834200
2015-05-22,0.009345794392523468,0.07983286724921067,-0.13637761197101406,0.02471546251392925,0.23004230891792657,401800
2015-05-26,-0.016835016835016925,-0.188070343843372,-0.8020471777514878,0.08345843525251069,-0.44460877207356736,93100
2015-05-27,-0.006849315068493157,0.21648142770805673,-0.5450760991292853,0.20684830706068244,-0.18728807896390628,112700
2015-05-28,-0.026724137931034526,-0.28231985363190365,-0.6088434295583294,-0.3890194901922647,-0.6994406861613159,211800
2015-05-29,-0.0026572187776793058,-1.0835801603902275,-0.27163349013219823,0.0795217149496895,-0.07926230888223172,123600
2015-06-01,0.007104795737122564,0.13281814440693387,-0.3240051158000293,0.799327978437991,0.17229420660640396,205300
2015-06-02,-0.017636684303350907,-0.008182584161792626,-0.5662574232313325,-0.00044839311228099825,-0.4652668723672018,272700
2015-06-03,-0.000897666068222602,-0.576087614557531,-0.2925967276109263,0.3798314997655384,-0.033920545894851266,143700
2015-06-04,-0.016172506738544607,-0.031022938998167056,-0.671661261246147,0.042698289116416495,-0.42753660617052647,485100
2015-06-05,0.0027397260273973644,0.041693145371844126,-0.4503750823375494,0.5742078757695703,0.059811099315535826,242800
2015-06-08,-0.011839708561020108,0.3780296705682547,-0.3961795675118804,0.005423237157433668,-0.31588510122747215,192800
2015-06-09,-0.008294930875576024,0.28589123504290676,-0.5034425645581766,-0.002759163734557145,-0.22454002881643306,55700
2015-06-10,0.04553903345724909,0.4850159186450456,0.9282464111807808,1.007741754487692,1.1627027848437061,702100
2015-06-11,-0.00355555555555548,0.36764315601812897,-0.05550053959383938,0.5772513725200367,-0.1024114723295073,210000
2015-06-12,0.007136485280998956,0.13365471850784774,-0.04772641887388777,0.41520315732473695,0.17311081174695844,347000
2015-06-15,0.002657218777679463,-0.38209943900181076,0.10244277041496726,0.1625422543536552,0.057684977067907484,247000
2015-06-16,0.007067137809187285,0.08518256568749229,0.10024759801271568,0.7711395242187443,0.17132380268848676,855100
2015-06-17,0.006140350877193008,-0.05474176902055228,-0.1304759538449037,0.6061195398883734,0.1474415096577436,1087400
2015-06-18,-0.009590235396687114,-0.23886771716296182,-0.6469676979996862,-0.56466555679865,-0.25791862002148896,119900
2015-06-19,-0.0008802816901408263,-0.008264554557673717,-0.646203689403681,0.35830312719705504,-0.03347256934579481,192300
2015-06-22,0.02731277533039652,-0.10125993257106698,0.23095644608061078,0.6332845610416017,0.6930319010486221,303000
2015-06-23,-0.007718696397941669,-0.4169929911806564,-0.6741252470698733,0.018454863066776277,-0.2096910919419475,299000
2015-06-24,0.004321521175453667,0.08215913581047668,-0.3347724268117886,0.4993124055515502,0.10057224293589605,268200
2015-06-25,0.013769363166953541,-0.1910535993901732,-0.05088526654891338,0.6076761906702413,0.3440328735941701,635000
2015-06-26,-0.0008488964346349565,-0.05474176902055228,-0.7002606484853374,0.502682149664945,-0.032663805386181285,279200
2015-06-29,0.0025488530161428325,-0.18931640529030935,-0.5208284841864734,0.5025244123206366,0.05489250904513532,364600
2015-06-30,0.059322033898305024,-0.14423010059654845,1.5494068821113807,0.5029968222992565,1.5178757420927507,2080500
2015-07-01,0.009599999999999937,0.2409276785065269,0.36012787446617733,0.41339711621669434,0.2365929114331617,329100
2015-07-02,-0.001584786053882692,0.19627938294380307,-0.0804667165030176,0.14368391735222658,-0.05162688192346086,49000
2015-07-06,0.01587301587301596,-0.05474176902055228,-0.22309264203738588,0.5147645798619817,0.3982417199068778,205600
2015-07-07,0.014843749999999961,0.19274939799429747,0.2404042662830613,0.7371568106762364,0.3717186558267457,951300
2015-07-08,-0.0015396458814472343,-0.014096568381728701,-0.5865314046112888,0.39971640502965977,-0.050463668688202186,355300
2015-07-09,-0.012336160370084821,0.06738186003842683,-0.6560927463460678,0.15838162593325478,-0.32867812535245916,157700
2015-07-10,-0.010928961748633923,0.11012354129899547,-0.5374750168788112,0.17615217884610868,-0.2924161446643697,82600
2015-07-13,0.006314127861089193,-0.05474176902055228,-0.4639649534420567,-0.1747382427460821,0.1519195538641665,189200
2015-07-14,0.0,-0.05474176902055228,-0.4892683341536241,0.2006969749335858,-0.010788665907163554,71700
2015-07-15,0.003921568627451036,-0.1375623425575494,-0.39462808806785155,0.6148251301967759,0.09026589999983348,267700
2015-07-16,-0.007812500000000111,0.11025234232267306,-0.5844631129313049,0.4198410667095516,-0.2121083089250128,80600
2015-07-17,-0.007086614173228336,-0.17946172720126258,-0.4883368356685208,0.3439236113086824,-0.19340301925878392,114100
2015-07-20,-0.00039651070578897743,0.3220885566483726,-0.27133683964802013,0.6140089571341145,-0.02100631630616317,82800
2015-07-21,-0.006743355811186105,0.049974842700656635,-0.3788515853238825,0.40329413458740865,-0.1845576239424033,71100
2015-07-22,-0.004792332268370505,0.6199945329581682,-0.24397472508946008,0.28906237350922476,-0.13428186545804427,261800
2015-07-23,-0.007223113964687129,0.1995027685227872,-0.5806045267043021,0.061465080777552666,-0.19692047068771143,215800
2015-07-24,-0.013742926434923197,0.07330539903887356,-0.6527082902576871,-0.018868026979352557,-0.3649289595262677,65600
2015-07-27,-0.028688524590163907,0.2481982386916126,-0.5527820238935643,-0.2848159637133111,-0.7500607976448282,105600
2015-07-28,0.0016877637130801328,0.03436897465849089,-0.5731267800524074,0.4510473862233161,0.032703172584453905,133500
2015-07-29,-0.0033698399326031296,0.12317942939506736,-0.39548519223416845,0.34616195902809543,-0.09762578235630759,33100
2015-07-30,0.0033812341504648475,-0.23326456066834983,-0.2923678221683298,0.5298771459458054,0.07634206716564788,142200
2015-07-31,0.01095197978096047,0.25662032820678793,0.34152472752602286,-0.25922819730520913,0.27143196255256674,122400
2015-08-03,0.0,2.1451797155559147,0.7070435265243357,-0.457252194818873,-0.010788665907163554,21100
2015-08-04,0.0,-0.05474176902055228,-0.7258689493680521,0.6883390039121338,-0.010788665907163554,10200
2015-08-05,-0.008333333333333304,-0.7147182143934947,-0.7258689493680521,0.297796549799288,-0.22552961845953226,15400
2015-08-06,-0.01680672268907572,0.3889398749276403,-0.4723682902097364,0.03196513145357181,-0.4438796626514394,23000
2015-08-07,-0.0128205128205127,-0.05474176902055228,-0.7258689493680521,0.18096761053476598,-0.3411593621415741,44800
2015-08-10,-0.0190476190476191,-0.4204430028202742,-0.5691594509792812,-0.2584305818159747,-0.5016251288840091,159200
2015-08-11,-0.023830538393645153,-0.6605453905455846,-0.8323705502147962,-0.16651120456081647,-0.6248757676456236,166000
2015-08-12,-0.0090415913200723,0.08847192617791289,-0.6440427872346729,0.2646039723249623,-0.2437806578265514,94200
2015-08-13,-0.010948905109489142,0.378819399472615,-0.43686432015426346,0.34625802220745183,-0.29293006342122674,41500
2015-08-14,0.0009225092250922313,0.2082746741539024,-0.28060579896451376,0.5096406116243388,0.012983395260993675,128200
2015-08-17,0.012903225806451665,0.6751860968297054,0.10822999366899283,0.9762965737649204,0.3217134541739255,74200
2015-08-18,-0.08098271155596001,0.18546803821253974,-0.5886233695689673,-2.12612526958534,-2.09762522028324,334600
2015-08-19,-0.023762376237623783,-0.05474176902055228,-0.2778504576872644,-0.0850123903707257,-0.623119302888178,228800
2015-08-20,-0.021298174442190575,-0.3760284767071691,-0.6034893208088606,-0.45239351925722443,-0.5596194979882688,308700
2015-08-21,0.009326424870466306,-0.43773328136132533,1.1185125303734398,0.4617029683647839,0.22954317736388175,127300
2015-08-24,0.013347022587268892,-0.6510243890700234,-0.32323494555089166,-1.3934848377243012,0.33314961538821125,227200
2015-08-25,-0.0101317122593718,0.9081417986968084,0.4661235117806276,0.27682517181754807,-0.27187189089484637,206000
2015-08-26,0.028659160696008306,0.21546353102978752,1.0958589195680204,0.784275737778138,0.7277267901583057,72600
2015-08-27,0.01890547263681587,0.4180771769182686,-0.15555552612730386,0.7816028735510192,0.47638483839074763,65700
2015-08-28,-0.0244140625,-0.0031811092257914286,-0.37235435827618085,-0.4100616482802356,-0.6399125503379335,185500
2015-08-31,-0.023023023023023066,-0.9003572345634555,-0.3635076467873968,-0.09352777108855401,-0.6040669732590561,109800
2015-09-01,-0.0010245901639344044,-0.05474176902055228,-0.13860973793675083,0.46425726794574734,-0.03719124204065127,55300
2015-09-02,-0.01025641025641022,-0.542108990219032,-0.6578007723755946,0.01540431374846218,-0.2750852228946943,204600
2015-09-03,0.013471502590673472,-2.869582901076495e-05,0.1181700328865286,0.7207155804188995,0.33635732992879014,83600
2015-09-04,0.01329243353783239,-0.5406139987429585,0.07610552858269364,0.20914580868165694,0.331742914851219,184000
2015-09-08,0.03935418768920288,0.10509107345119033,0.7961582171223451,0.6252847227233799,1.0033260242493374,260300
2015-09-09,-0.04368932038834961,0.45786129534677866,-0.22797396540953066,-1.6169989776471803,-1.1366150190943456,254500
2015-09-10,0.00812182741116752,-0.26915036041074275,0.5604217049195294,0.5614622675506025,0.19850200866164616,473100
2015-09-11,0.007049345417925507,0.05159884654810152,-0.057525821798594036,0.7512662875556955,0.17086531208275568,103400
2015-09-14,-0.010999999999999944,-0.37153046279956325,-0.7258689493680521,-0.0927459043135543,-0.29424672327628865,101000
2015-09-15,0.023255813953488233,-0.001356414490892837,0.6772277222523939,0.719929900099218,0.5884884109831652,196600
2015-09-16,-0.012845849802371445,0.15394643504995276,-0.5172068455351668,0.19437226353225873,-0.3418122686558735,183800
2015-09-17,0.014014014014014071,-0.26614563540628544,0.08944398143842411,0.5319656489119927,0.3503372603070346,158800
2015-09-18,-0.01283316880552821,-0.5238267055146517,-0.3685156016108216,-0.23693433258424096,-0.34148549313490123,903600
2015-09-21,0.022000000000000065,-0.1603380002802226,0.3299612960263343,0.6258522112540786,0.5561274488310923,136600
2015-09-22,0.0039138943248531455,-0.4680342592736647,-0.3126281488223081,0.32148894916816756,0.09006814155382903,127700
2015-09-23,-0.015594541910331399,-0.05474176902055228,-0.4612498402466506,-0.19475894300969335,-0.4126430800402526,101000
2015-09-24,-0.04455445544554448,-0.31611857906923535,-0.875208446594978,-0.8274297288822707,-1.1589086102465627,193800
2015-09-25,-0.03316062176165806,0.05468437736251903,-0.06939418539226935,-0.9628663979328429,-0.8653018864264365,563500
2015-09-28,-0.14683815648445875,0.05843747134350508,-0.33787437136368714,-3.9328707425035074,-3.7946485372479506,446700
2015-09-29,-0.04020100502512566,0.21057539494846364,-0.5742781029366997,-2.569452321853297,-1.0467249194261334,559400
2015-09-30,0.03926701570680638,0.22168815574297968,1.0904433650725565,-0.41581243703517107,1.0010796969050533,386100
2015-10-01,0.03652392947103275,0.34423643473135107,0.8318510960140962,0.1374478847605121,0.9303933427606502,149600
2015-10-02,0.017010935601457933,-0.6321209192860613,0.8869250376950624,0.3466736734610448,0.42756467587652475,193400
2015-10-05,0.04778972520908009,0.2606591606678305,1.292444542425285,0.8749781695574599,1.2207006677265004,119200
2015-10-06,-0.03078677309007977,-0.3557572515167556,-0.7602664162321782,-0.9504252277130232,-0.804130383432451,116000
2015-10-07,-0.012941176470588168,0.19371995159043326,-0.5839085802393966,-0.6716676598220022,-0.34426873340025205,183000
2015-10-08,-0.0035756853396902424,-0.3064610330483773,-0.7258689493680521,-0.20539342981451614,-0.1029301950118779,262100
2015-10-09,-0.004784688995215209,0.3241920752127131,-0.22068701377264982,0.0903792655575409,-0.13408490660708638,207800
2015-10-12,-0.0024038461538461024,-0.18166031620765546,-0.43580569513882544,0.08750445912314214,-0.07273317145111606,61800
2015-10-13,-0.018072289156626547,-0.37280270654968345,-0.18068982093722114,-0.026871273499343734,-0.47649193650266364,35800
2015-10-14,-0.004907975460122812,0.07482415890542271,-0.244684262597606,0.03663625839867711,-0.13726186495641396,197000
2015-10-15,-0.004932182490752053,0.3358731431607179,-0.39109804189757535,0.22604460693515901,-0.13788565385430793,210300
2015-10-16,-0.019826517967781926,-0.18559211754554483,0.3955651933769143,-0.2795481190441091,-0.521696508410942,160400
2015-10-19,0.015170670037926576,-0.12149033492425966,-0.07753540514899256,0.1669574216831004,0.3801430302690824,66200
2015-10-20,-0.0024906600249065473,-0.25199500300498723,-0.613166912855568,0.18253059509849304,-0.07497027065506713,55600
2015-10-21,-0.00249687890137323,0.07708873192785032,-0.46224092305234893,0.376295095507364,-0.07513052434981836,70200
2015-10-22,-0.025031289111389257,0.07741872066613716,-0.12178227222482664,-0.4847547255882722,-0.6558178099943826,82000
2015-10-23,0.02053915275994867,0.35191894186392964,0.009901256481696838,0.9289813376402023,0.5184830014876398,26600
2015-10-26,-0.02012578616352203,-0.05474176902055228,0.18482021107993804,-0.33345760559065196,-0.5294083249015651,99700
2015-10-27,-0.0500641848523748,-0.12251855416796398,-0.7645936970443536,-1.557656110883167,-1.3008883551819892,371500
2015-10-28,-0.05810810810810819,0.08795584078981143,-0.6443376562874051,-1.3804804827396864,-1.5081715242453093,270500
2015-10-29,-0.021520803443328476,0.24826032928553732,0.39942665957862317,-0.6564269786858912,-0.565356405640685,220600
2015-10-30,0.03665689149560117,0.10009141464465318,0.6453391615337504,0.6883390039121338,0.9338196297777452,327000
2015-11-02,-0.002828854314002894,0.1692954967354567,-0.04317410490208699,0.2906154297095208,-0.08368517030966773,269400
2015-11-03,0.014184397163120643,-0.27941460148793607,0.0015520910252428404,0.5110715070098498,0.35472784907559346,157000
2015-11-04,0.016783216783216672,-0.202428805747367,-0.008621629819415864,0.46985371489795247,0.42169660916334073,186600
2015-11-05,-0.006877579092159536,0.16313216067615915,-0.5183959202082188,0.21560535931887387,-0.18801641216771658,101500
2015-11-06,-0.005540166204986155,0.01838581495429376,-0.6840869847699332,-0.17712903844320063,-0.15355273408602563,97300
2015-11-09,0.019498607242339913,-0.05474176902055228,0.11442571469433524,0.16616524910944677,0.4916692732125906,95800
2015-11-10,-0.005464480874316944,-0.2711274888149617,-0.14891253111975494,0.3895633559569507,-0.15160240528576663,182100
2015-11-11,0.016483516483516498,-0.05474176902055228,0.020007990078530737,0.47375523791606655,0.41397365782279655,109800
2015-11-12,-0.02162162162162164,-0.26878818373610375,-0.766634595908379,-0.029414695538497473,-0.5679543806376357,111200
2015-11-13,-0.03176795580110503,0.0911093791281602,-0.6425358597552372,-0.6494307284081051,-0.8294143966316674,94300
2015-11-16,0.0213980028530671,-0.13006005094613296,0.005702853024634235,0.3763507381443883,0.5406146359391514,114100
2015-11-17,-0.28072625698324016,-0.1284821539784232,-0.7680010421611247,-10.438848236174472,-7.244799525632234,2071700
2015-11-18,0.09514563106796103,0.15029945672637776,5.190294977668469,0.8096725818889381,2.441010947700469,473900
2015-11-19,-0.044326241134751775,1.5366907942900814,0.9322231279990257,-1.0843359651106983,-1.1530277752282787,252100
2015-11-20,0.06122448979591839,-0.25065314427040186,2.0165472724355595,0.31156335244891004,1.5668999650898383,316200
2015-11-23,-0.001748251748251711,-0.3316549628833159,-0.0930036674133715,-0.07635950763748688,-0.055839215393672384,176400
2015-11-24,0.001751313485113798,2.5343076839310865,0.753402848032145,0.19588617210609857,0.03434078121417164,312900
2015-11-25,0.024475524475524577,0.4067802207507341,0.4343840675488613,0.14212578137669094,0.6199190269039945,559200
2015-11-27,0.03412969283276438,0.5759524449877087,0.818495134582781,0.3684407479835233,0.8686964640001476,102900
2015-11-30,0.06435643564356446,0.46801185107682547,1.464443676626908,0.8945660423875652,1.6476068092497507,363500
2015-12-01,-0.009302325581395425,-0.05474176902055228,0.5836879441443664,-0.6195240982332062,-0.25049949666329907,392600
2015-12-02,-0.006259780907668238,0.8541459804758281,0.5487752100617985,0.19939696433424203,-0.17209642369298045,263300
2015-12-03,-0.042519685039370016,-0.13788840780769052,-0.5833496811483333,-0.886131362275075,-1.1064747860168886,172000
2015-12-04,-0.00986842105263166,-0.22841978096080431,-0.13047595384489702,-0.031081306295735814,-0.2650871623507605,98100
2015-12-07,-0.024916943521594598,-0.4055598130726034,-0.2247629952178914,-1.2319361857456992,-0.6528712482896606,264000
2015-12-08,0.008517887563884127,-0.14468745152453039,-0.057784588690174464,-0.0035931124036375247,0.20870804879712962,141000
2015-12-09,0.013513513513513526,-0.233113781283504,0.14040103961383096,0.4033485644243815,0.33743990579938365,465100
2015-12-10,0.011666666666666714,-0.3187323471697281,0.1791284038271391,0.42797736783690554,0.2898486676661549,100700
2015-12-11,-0.026359143327841866,-0.4896521119351786,-0.9246602405696316,-0.8558156746230026,-0.6900351715093864,204200
2015-12-14,-0.06429780033840946,-0.14407868209979782,-0.2409577900136063,-1.5320038824146929,-1.6676731729102174,90400
2015-12-15,-0.0036166365280290162,0.42263721497433937,-0.3440135260789469,-0.7806091055900655,-0.10398546267492097,281100
2015-12-16,-0.001814882032667838,0.04108058239475109,0.09536276859491653,-0.5024256474664088,-0.05755620548299743,327300
2015-12-17,0.00909090909090906,-0.05474176902055228,0.8098841348419712,-0.5045906741052804,0.22347419142269268,219600
2015-12-18,-0.02702702702702693,-1.0060591677563162,0.6329859353094105,-0.38125474428880346,-0.7072458093202523,289600
2015-12-21,0.01851851851851845,0.1408068073862359,0.7824599726239265,0.45690643851192975,0.4664134508758761,106200
2015-12-22,0.07090909090909085,-0.15073834289298038,1.6874573258191246,0.5179204784810736,1.8164616212657232,99000
2015-12-23,0.044142614601018794,0.034898495206678724,1.0154955106566523,0.4231149264161458,1.1267185870018275,81000
2015-12-24,0.04552845528455274,0.3745112035797296,0.8437741564447434,0.48512992209732175,1.1624301968179742,55700
2015-12-28,-0.010886469673405817,-0.30107823385648314,-0.8666150385119371,-1.5468028796574835,-0.29132117001912045,104100
2015-12-29,0.0031446540880502474,-1.3829962502742654,0.4124925011919356,-0.8345309429429814,0.07024565581070884,72400
2015-12-30,-0.006269592476489034,0.028013898110848215,-0.06390641307062957,-2.2009405939132924,-0.17234925716913516,125000
2015-12-31,-0.0015772870662460231,-0.05474176902055228,-0.6782875953619961,0.19554095455839085,-0.05143364115366856,118300
2016-01-04,-0.007898894154818297,-1.0556539136619747,-0.6305559053243284,-0.6936753676720223,-0.21433459249708553,52000
2016-01-05,0.0031847133757961104,-0.05474176902055228,-0.3175633494657661,0.09133143074600342,0.07127794016380279,54100
2016-01-06,-0.04603174603174604,-0.8928070964782495,-0.9652862385731281,-1.0474052365893909,-1.1969767847678725,81300
2016-01-07,-0.014975041597337747,0.3845104408782419,-0.47489907882030125,0.012525106612038804,-0.3966792295620035,93200
2016-01-08,0.023648648648648594,0.3020022555053628,0.4971004468416656,0.16057893078666952,0.5986113345792913,32500
2016-01-11,-0.03960396039603949,-0.1418673723701133,-0.377410122505215,-0.6521367461781536,-1.0313397275421847,165200
2016-01-12,-0.010309278350515549,0.2627726720523381,-0.00021242332380121584,-0.06322035795451127,-0.2764475762812308,99900
2016-01-13,0.03993055555555563,0.2202484165515134,0.8453070110402624,0.8510650264591565,1.0181783984062742,172700
2016-01-14,0.0016694490818029693,0.20968952795691798,0.3317239508600527,-0.04189062648250285,0.03223122442052298,120100
2016-01-15,0.0,-0.49472606593584334,-0.04712093447166038,-0.457252194818873,-0.010788665907163554,102200
2016-01-19,-0.009999999999999934,0.29724566851167816,-0.4996196110692527,-1.3945540846897022,-0.2684778089700043,88900
2016-01-20,-0.035353535353535345,-0.4102846352147265,-0.8274399205459664,-1.310396788180539,-0.9218108888566099,320800
2016-01-21,-0.0034904013961606388,-0.05474176902055228,-0.19940161184904004,0.25213102724159353,-0.10073252037936219,70100
2016-01-22,0.007005253940455348,0.8699187498907464,0.25150705962850173,-0.13241571576459615,0.16972912257818867,211600
2016-01-25,-0.017391304347826025,-0.05474176902055228,-0.1750009952492357,-0.561396849248967,-0.45894369732080154,65500
2016-01-26,0.012389380530973344,0.03870622324464041,0.18179801253862726,0.41184877091188654,0.30847221930343705,107200
2016-01-27,-0.012237762237762132,-0.14704616697480488,-0.0930036674133715,0.08750445912314561,-0.3261425123127397,45500
2016-01-28,-0.061946902654867346,0.22560220777502576,-0.24533938129980734,-1.523582860089816,-1.607093091960178,497300
2016-01-29,0.03584905660377366,-0.15436085511458075,1.152427444055931,-0.07800845321495556,0.9130026016766172,197300
2016-02-01,-0.023679417122040053,-0.05474176902055228,-0.2313348765837945,-0.4498539406790319,-0.620981536547775,60500
2016-02-02,0.005597014925373014,-0.2517496631617316,0.7374352286838719,-0.011140018379528584,0.133440332075768,168200
2016-02-03,-0.029684601113172403,0.14116960622930314,-0.22215984740411882,-2.4417971774746645,-0.7757286082087356,338700
2016-02-04,0.051625239005736054,-0.05474176902055228,1.4082866955154378,0.5091225813746892,1.319537694073098,56700
2016-02-05,-0.05818181818181823,0.04125480485186995,-0.671020624931983,-1.697520352122691,-1.5100709528182532,87900
2016-02-08,-0.025096525096525078,-0.8701566822226373,-0.44633308737726163,-0.5179697346603505,-0.6574988705050316,78700
2016-02-09,-0.12673267326732668,-0.8911475611763567,-1.0245479438219107,-4.26110991949816,-3.276552063139235,111100
2016-02-10,-0.02040816326530609,0.6635999402289058,0.7106347858624105,-0.02012803302727062,-0.5366848762394947,63900
2016-02-11,0.05092592592592587,-0.4213953497833007,1.508692416545995,-0.034887762963505896,1.3015171552462026,140800
2016-02-12,0.011013215859030798,2.736348044010377,2.1977642033917437,0.8947931646766376,0.27300994980081306,158200
2016-02-16,0.0021786492374727207,0.8654868258349623,0.5885789129343347,-0.19655021673570178,0.04535275959672178,126900
2016-02-17,0.002173913043478408,0.0600367432182249,0.06108527080168083,0.2128960162965007,0.04523071301954407,147500
2016-02-18,-0.00216919739696327,-0.2838008389981526,0.6483135825986168,0.010608064019995382,-0.06668652774292606,101800
2016-02-19,-0.017391304347826105,-0.05474176902055228,0.3824249107043187,0.07705516269203067,-0.4589436973208044,277300
2016-02-22,0.011061946902655025,0.6461181729684163,0.2084940996535357,0.3427262126618308,0.274265695888019,184600
2016-02-23,-0.013129102844639058,0.0607902126639867,-0.6598589309001326,-0.4055216990735124,-0.34911139202906205,173800
2016-02-24,-0.04434589800443463,-1.342500686821404,-0.4583161472408731,-1.04355657973684,-1.153534311418666,338700
2016-02-25,0.011600928074246106,-0.05474176902055228,0.9539405229200076,-0.036565783304278794,0.28815465551145425,119000
2016-02-26,0.03440366972477052,-0.17583836450183354,0.9346766528249546,0.3300431744508027,0.8757565510521561,70700
2016-02-29,0.0842572062084257,0.17939621603415867,2.217211874030944,0.8268906506040574,2.1604280605646866,436000
2016-03-01,-0.002044989775051081,0.48511626400435126,-0.35572688262154845,-0.14226253448737117,-0.0634858321776824,45100
2016-03-02,-0.018442622950819644,0.16164395077386295,-0.16951811748576315,-0.27201129308665717,-0.4860350363099482,57300
2016-03-03,0.04384133611691022,0.2759353643604583,0.7856088847784051,0.10130232967153487,1.118954967562507,92100
2016-03-04,0.0,0.050854462239118034,0.4807941882255362,0.12595786998963834,-0.010788665907163554,158900
2016-03-07,0.014000000000000058,-0.4771266940592336,0.6617936588645744,0.06347107733158679,0.3499761343808174,66000
2016-03-08,-0.013806706114398477,-0.471294949532074,0.22613352605094977,-0.20520980628687852,-0.3665724926211503,98100
2016-03-09,0.04800000000000004,0.4732393872777993,1.023792600142651,0.5008786259379686,1.2261192207944858,69400
2016-03-10,-0.013358778625954252,0.04601799363179764,-0.09260108135615525,-0.1464082262527261,-0.3550298875560014,72700
2016-03-11,0.0,17.204216725064818,9.135159592861942,-0.5807351216383065,-0.010788665907163554,609500
2016-03-14,0.029013539651837592,-0.8717338870837655,0.5869898802187821,0.2048821941786325,0.7368587511030227,166900
2016-03-15,0.06578947368421045,-0.6502092385299753,1.3154784638541768,-0.42749657926742257,1.6845346437168025,105700
2016-03-16,0.0035273368606702753,-0.33409687817312195,0.7106347858624105,0.5230300286262722,0.08010697538484754,266100
2016-03-17,0.022847100175746905,-0.05474176902055228,0.22843405927362476,-0.5196657750660874,0.5779563006687514,86300
2016-03-18,0.03092783505154634,-0.4176154159609985,0.20711801268884192,0.47360775766452284,0.7861880652150296,156200
2016-03-21,0.008333333333333304,0.1212519497455571,0.3299612960263343,-0.04067357709850727,0.20395228664520512,80500
2016-03-22,0.04132231404958678,0.03252784359074279,0.5705459918481997,-0.39614252155824053,1.0540425037740095,159300
2016-03-23,0.073015873015873,-0.5575809654951706,1.5150768775914671,-0.8490344662463599,1.870751108837406,391700
2016-03-24,-0.03846153846153843,-0.13284549036645968,0.12200825530200073,-0.9755105047342989,-1.0019007546104066,174200
2016-03-28,0.009230769230769171,0.2701697117784342,0.7128447916089176,-0.03266244983465548,0.22707823538161293,84600
2016-03-29,-0.010670731707316982,-0.4571664308333173,-0.7258689493680521,-0.35945782419549305,-0.2857618368583672,84900
2016-03-30,0.0015408320493065927,-0.05474176902055228,-0.3633122285194405,0.3754236323579288,0.028916903131796297,298300
2016-03-31,-0.01538461538461533,-0.05474176902055228,-0.40099810463131424,-0.7536639035814412,-0.4072335013884596,162300
2016-04-01,-0.04687500000000011,-0.5497241030502577,-0.7730042281803057,-1.1667376531238758,-1.2187065240142445,112700
2016-04-04,-0.013114754098360668,-0.48751320860936515,0.11483897436518782,0.17615217884611215,-0.3487416404158121,150600
2016-04-05,0.029900332225913723,-0.23015079104657785,0.32645355434728746,0.5845403450117129,0.7597104329518387,52400
2016-04-06,0.03225806451612906,-0.3953747730840055,0.2472464841751625,0.3355909808424667,0.8204666342955562,59200
2016-04-07,-0.0390625,-0.6322211587218761,-0.961545343429303,-0.922648619303345,-1.0173868809963953,70300
2016-04-08,0.01951219512195109,-0.22644295806066858,0.5004147270481917,0.18031629937509855,0.4920194181178914,68900
2016-04-11,0.0031897926634769477,-0.3073643318427253,0.669395444181151,0.5388490693234881,0.07140882789278882,98000
2016-04-12,0.03338632750397456,2.1276922633732607,0.5690398230892945,0.8870251490887796,0.8495407465442997,50100
2016-04-13,0.0,0.1077139713789351,-0.40099810463131424,-0.03266244983465548,-0.010788665907163554,77100
2016-04-14,0.004615384615384654,0.3513975819781779,-0.2617677426012895,-0.17686274058401194,0.10814478473722755,58900
2016-04-15,-0.01071975497702914,-0.13559646370637035,0.6138412723093644,-0.12504191123865918,-0.28702511329459274,64200
2016-04-18,0.0030959752321982137,-0.5451267439106556,-0.2588940509185228,-0.23058441752985157,0.06899125454573005,67600
2016-04-19,0.02777777777777773,0.10821537798511237,0.29830501000921883,0.7847692394955523,0.7050145092673988,38600
2016-04-20,-0.024024024024024045,-0.13401821891520074,-0.7711641121906349,-0.3906371455888174,-0.6298616822743551,52800
2016-04-21,0.0,-0.3796532498195388,-0.2617677426012895,-0.12879597700089426,-0.010788665907163554,102600
2016-04-22,-0.01692307692307697,0.1077139713789351,0.3183587658571639,-0.12879597700089426,-0.4468779849365909,94300
2016-04-25,0.0,0.27576286715995396,-0.34819660583328427,0.0038201485030811984,-0.010788665907163554,119400
2016-04-26,-0.015649452269170524,0.027884390024574282,0.26552095241071766,0.10160855641865815,-0.41405806037170434,88900
2016-04-27,0.0,-0.05474176902055228,0.1374035656035145,-0.2057486493827691,-0.010788665907163554,131400
2016-04-28,-0.00158982511923685,-2.405055342367748,-0.7258689493680521,-0.7024640123243872,-0.05175673316675718,120300
2016-04-29,-0.007961783439490418,-0.5591823642100655,-0.34158132593060403,-0.35642424912859605,-0.21595518108458514,179600
2016-05-02,-0.027287319422151013,0.3689991268850291,0.00045316395071822954,-0.3146592731031946,-0.7139532617447811,85700
2016-05-03,-0.024752475247524667,-0.5774953891179242,-0.9249882790039566,-0.29123942884615023,-0.6486330794290507,89000
2016-05-04,0.003384094754653058,-0.5907632474960373,-0.2154361500475867,-0.6332936665205007,0.07641578182983763,83200
2016-05-05,-0.015177065767284968,0.3904362717031878,-0.31889993162991187,-0.260027157845865,-0.4018851730851709,82900
2016-05-06,0.005136986301369906,-0.4163726979920271,-0.41593834895873577,-0.30674176958086324,0.12158589388539492,81800
2016-05-09,-0.05792163543441224,-0.5944158640444268,-0.6744778447005262,-1.4406828924440855,-1.5033663258963739,86600
2016-05-10,-0.0036166365280290162,-3.8737736409796972,0.3105957709881002,-2.3060552193038855,-0.10398546267492097,112700
2016-05-11,0.0,-1.5878993916654942,1.655703032724555,-0.21891025428104338,-0.010788665907163554,82100
2016-05-12,-0.03085299455535389,1.5742382050396988,0.20486033098997947,-0.3323164115551875,-0.8058368386963338,600000
2016-05-13,-0.048689138576778986,-0.45023327186576007,-0.7258689493680521,-1.0083997480387983,-1.2654549055389852,78500
2016-05-16,-0.009842519685039335,-0.1586750675044795,-0.22111320775656232,-0.41871047231324793,-0.26441971222885935,115400
2016-05-17,-0.04771371769383702,0.26015752897051014,-0.5459489984346158,-1.1750842363877163,-1.2403193683938927,161500
2016-05-18,-0.03340292275574116,-0.2751931912745652,0.2188046969734819,-0.8770921273961345,-0.8715457199792933,161100
2016-05-19,-0.028077753779697602,-1.5371942597070642,-0.3349413669943175,-1.0998899436455938,-0.7343218969691413,398000
2016-05-20,0.0777777777777777,-0.289400060708704,2.6930099404804437,0.5494794646720141,1.9934602245816166,130300
2016-05-23,0.057731958762886657,0.16298241914371545,1.0157067131381567,0.17298401291786417,1.4769012321876027,189500
2016-05-24,-0.02534113060428848,0.1510988377234501,-0.5494562099537866,-0.7124370498259391,-0.6638020888734317,118600
2016-05-25,-0.003999999999999915,0.4732393872777993,-0.06220422369157856,0.12595786998963834,-0.11386432313229812,74300
2016-05-26,-0.008032128514056231,0.36933948101827746,0.3947770368508924,-0.09588279149518221,-0.21776789728294108,174200
2016-05-27,0.002024291497975665,-0.05474176902055228,-0.237341363297776,-0.07060989476869628,0.04137512823510863,113300
2016-05-31,0.014141414141414019,-0.26806748873706504,1.102408531834351,0.4358671143846372,0.35362022327261156,101700
2016-06-01,-0.003984063745019836,-0.4754438855929374,-0.2451266634741931,0.06596059098329976,-0.11345366314335317,60400
2016-06-02,0.011999999999999922,0.15645069349878835,-0.1828705374509374,0.6883390039121338,0.2984383057682487,43200
2016-06-03,-0.003952569169960391,0.15394643504995276,-0.6066334614635415,0.07088057843728565,-0.11264208213753298,167700
2016-06-06,0.04563492063492054,0.25953272877608413,0.8303434304649485,0.5643572724477359,1.1651736933081889,100600
2016-06-07,0.0189753320683113,0.1456305863108956,0.5334569058055276,0.4511974757980771,0.47818504009443835,122800
2016-06-08,0.011173184357541827,0.24021977081093138,-0.16410771212709369,0.5719762615321398,0.2771321643306471,57400
2016-06-09,0.005524861878453084,0.13972642851106826,-0.3369811978415714,-0.1747382427460821,0.1315810263927524,237300
2016-06-10,-0.009157509157509125,-0.9250403783035456,-0.44961823105450294,-0.22721839767108973,-0.24676773464603027,131100
2016-06-13,-0.0388170055452865,-0.6403031253588419,0.47298767994165636,-0.9286944474977951,-1.0110607554302167,401800
2016-06-14,-0.005769230769230817,-0.4608811200192825,-0.08772979006375346,0.26775482255983857,-0.15945547921265243,132400
2016-06-15,0.003868471953578426,0.14950626049525542,-0.25907469884828543,0.6883390039121338,0.08889765636086318,58600
2016-06-16,-0.01734104046242789,-0.15647224229577122,-0.3771223778092154,-0.3350477737246108,-0.45764845156527745,108300
2016-06-17,-0.009803921568627416,-0.05474176902055228,-0.5484184879572311,-0.10806129467092065,-0.26342508067465614,170000
2016-06-20,-0.00594059405940599,-0.838872199166619,0.11043223510275164,-0.3634188923125551,-0.16387132515241717,76400
2016-06-21,-0.009960159362549766,0.2607848184087409,-0.545590592157855,0.0037227496904198294,-0.26745115899764477,99000
2016-06-22,-0.004024144869215206,1.9636972590818036,0.6701698919122608,-0.25462064384523103,-0.11448651019804401,113300
2016-06-23,0.008080808080808088,0.051921090837701155,0.31015495664664394,-0.06907666467035235,0.1974449850527112,181700
2016-06-24,-0.05210420841683362,-1.112820238556333,-0.4840526893292569,-1.31524553021388,-1.3534575475973278,2072700
2016-06-27,-0.01902748414376337,-0.1663656921280332,-0.08809773499511966,-1.4914328329967614,-0.5011062742719844,210700
2016-06-28,0.09051724137931033,0.6279924848135252,2.5248399342353642,1.0250135333197647,2.3217423704375375,142300
2016-06-29,0.009881422924901326,0.675666945226186,0.34725044177249037,0.6883390039121338,0.24384487466877286,139200
2016-06-30,0.03913894324853215,-0.5713573818369516,0.5138534522691933,0.38263062495882627,0.9977794087027851,89800
2016-07-01,0.026365348399246813,-0.25360472807830786,0.7512139874225934,-0.07656523766481159,0.6686177376483571,140200
2016-07-05,-0.011009174311926696,-0.05474176902055228,-0.2277052687101508,-0.34355298493648423,-0.29448313533414994,132200
2016-07-06,0.0074211502782931425,0.043213918604381285,0.6733230005317485,-0.12317778385481094,0.18044631966822802,141900
2016-07-07,0.007366482504604059,0.13972642851106826,0.5519050913618055,0.3431081052488474,0.17903759049272058,197700
2016-07-08,0.08043875685557594,0.5243966108313951,2.086737084328153,0.1171617401273542,2.062030766408216,255700
2016-07-11,0.010152284263959324,0.1239320571379388,-0.2664794299796326,0.6354736970948293,0.25082467730384567,106600
2016-07-12,0.006700167504187611,0.12213634029213283,-0.06897528149884909,0.5836710095100323,0.16186737634599666,85400
2016-07-13,-0.014975041597337747,-0.05474176902055228,-0.47489907882030125,-2.0149165852882462,-0.3966792295620035,88600
2016-07-14,-0.03040540540540536,-0.14392777515202812,-0.4201266003156177,-0.47273315696388823,-0.7943029522468891,53400
2016-07-15,-0.02613240418118473,0.40517213019404136,-0.46309387585028366,-0.9990221218715846,-0.6841923498692979,125000
2016-07-18,0.030411449016100166,-0.24364379274088796,0.7311929788531842,0.017639977170934382,0.7728813577186593,87700
2016-07-19,-0.013888888888888902,-0.14640516421123498,-0.2545161612455571,-0.6677111839796849,-0.3686902534944476,34500
2016-07-20,-0.0035211267605633053,0.038212659905216564,0.2301141702043342,-0.19175666732807964,-0.10152427966168288,83000
2016-07-21,0.008833922261484068,0.03854112078481077,-0.19289053170304302,0.1363355352013967,0.21685191983739932,106200
2016-07-22,-0.008756567425569146,0.03772428287057055,-0.6730378137466206,-0.0229817531410301,-0.2364359015138567,41500
2016-07-25,-0.008833922261484068,-1.9203995651278014,-0.7258689493680521,-0.41566793350933334,-0.2384292516517236,65700
2016-07-26,0.05169340463458111,-0.242970345241003,0.8335441963634127,-1.0381231818273544,1.32129424832144,51400
2016-07-27,0.10338983050847447,-0.05474176902055228,2.6486974523767195,0.1587899135896318,2.653455016606975,132900
2016-07-28,-0.015360983102918533,-0.460257250048468,0.29358531434388796,0.16041679251535926,-0.4066245231465535,291100
2016-07-29,0.006240249609984405,-0.6313202548377892,-0.07641687063203373,-0.23287814213875596,0.15001579154235084,182500
2016-08-01,-0.03875968992248062,-0.05474176902055228,-0.7258689493680521,-1.0554784656149838,-1.0095837940577181,364400
2016-08-02,-0.04838709677419352,-0.3953747730840055,-0.33662277595076495,-0.9242233872634794,-1.2576716162112431,80700
2016-08-03,0.035593220338983045,0.03474656255543216,0.9614142515043403,0.6353840948798811,0.9064099788927873,82300
2016-08-04,-0.021276595744680833,-0.14115439689262702,-0.5777515429531336,-0.1809535289740654,-0.5590634383812991,35100
2016-08-05,0.033444816053511586,0.12184055750063526,0.43438406754885456,0.11362770020092257,0.8510479329652217,70400
2016-08-08,-0.00647249190938512,-0.225609457142994,0.0551427901747202,0.3850050589701228,-0.17757775526822808,355300
2016-08-09,-0.008143322475570003,-2.978415924418589,-0.7750001846120907,-1.0417513465551875,-0.22063324494856704,111800
2016-08-10,-0.021346469622331676,0.20534747053529126,-0.47819589156970044,-0.5429278464928926,-0.56086401234673,91300
2016-08-11,0.011744966442953067,-0.05474176902055228,-0.1691032399079221,0.4262299743061979,0.2918663678914768,813200
2016-08-12,-0.03814262023217254,0.1203763591049365,-0.6258139628345877,-1.0214986061341462,-0.9936825780871643,241400
2016-08-15,0.03275862068965524,-0.14577300286509282,0.41838057766034853,0.41899938038603585,0.8333654234366368,444500
2016-08-16,-0.03171953255425716,-0.14288553467970905,-0.7762305160455806,-0.4070054416798142,-0.8281665821332134,133800
2016-08-17,0.008620689655172384,-0.05474176902055228,-0.2057555279915015,0.41899938038603585,0.21135714707804523,82500
2016-08-18,0.025641025641025703,-0.32550133635303324,0.09919986266175487,0.5281164586350737,0.6499527265616689,240600
2016-08-19,-0.0033333333333332624,-0.14273862840360696,-0.47448079570272234,-0.30103521317373894,-0.09668504692811046,160600
2016-08-22,-0.03846153846153853,-0.4079064220629274,-0.8772062994006926,-0.7223160142881068,-1.0019007546104095,190700
2016-08-23,0.01913043478260875,0.1289038505614795,-0.1487691879102502,0.3623209552614146,0.4821818686478406,60900
2016-08-24,-0.0017064846416383404,0.03535740440919595,-0.3655173297795282,0.3684407479835233,-0.054762922402532825,176200
2016-08-25,0.018803418803418858,-0.2352481472422043,-0.003933738841970163,0.5815239737274281,0.47375502190331514,225700
2016-08-26,-0.03691275167785231,0.033845673311387166,-0.675253884871676,-0.8214090066180545,-0.9619902007028941,114600
2016-08-29,0.029616724738675944,-0.14672454886346983,0.31997584323265865,0.41618398362444003,0.7524021759165909,162400
2016-08-30,0.06598984771573599,-0.05474176902055228,1.3158622479138165,0.6354736970948293,1.689698064964388,149200
2016-08-31,-0.036507936507936434,-0.138548301766322,-0.43856820232195426,-0.5514783107318134,-0.9515585532794483,215200
2016-09-01,-0.013179571663920933,0.20620443672821645,-0.5767754809668701,-0.2638897145178651,-0.350411918708275,58300
2016-09-02,-0.011686143572621082,0.20968952795691798,-0.5747842493354667,-0.1462091451103036,-0.31192789820097216,59900
2016-09-06,0.0016891891891891533,0.12363024324241115,-0.012470134912382915,0.3716829600368566,0.03273990555615628,50400
2016-09-07,0.026981450252951122,-0.32184859345478933,0.3424247221945686,0.5302779769524696,0.6844940135204063,74300
2016-09-08,-0.008210180623973698,0.03195464416472108,0.264823281825368,-0.08120277759100208,-0.22235610684545834,71100
2016-09-09,-0.048013245033112585,-0.7540545588196905,-0.8757029482414305,-1.277305135993569,-1.2480378627320727,140200
2016-09-12,0.045217391304347786,-1.0647926767217504,0.6644168395984683,-0.561396849248967,1.1544144157683034,118200
2016-09-13,-0.018302828618968293,-1.1089470727776585,-0.8764508716966993,-0.5073317374649573,-0.48243268815196505,72500
2016-09-14,-0.011864406779661064,0.12423489413142833,-0.31683059764141214,-0.47666899479736846,-0.3165215475071481,351700
2016-09-15,-0.006861063464837056,-0.1453045745605739,-0.6741252470698733,-0.11552196510229937,-0.187590822382528,48100
2016-09-16,-0.013816925734024191,0.21882359693714354,-0.5435148482636688,0.09476843462145271,-0.3668358411235268,124900
2016-09-19,0.012259194395796898,0.3151224385439625,0.06659808495348128,-0.6248685475706348,0.3051174639422057,117900
2016-09-20,-0.02941176470588234,0.4933355558566254,-0.4127210762901335,-0.33869305534655736,-0.7686979102096442,40400
2016-09-21,-0.019607843137254957,0.41582967153055683,-0.24191314552035478,-0.3698152389604571,-0.5160614954421515,85600
2016-09-22,-0.0036363636363635587,-0.05474176902055228,-0.671020624931983,-0.44778449896159367,-0.10449380883910434,77300
2016-09-23,-0.029197080291970826,-0.3437825480160011,-0.6157719477627996,-0.5659579290050321,-0.7631657259446644,120100
2016-09-26,-0.030075187969924838,-0.6502092385299753,-0.7372097683304003,-0.31004020209062316,-0.7857936074495495,47800
2016-09-27,0.00968992248062012,-0.05474176902055228,-0.14124533619286347,0.14339604468491252,0.23891011613047577,706800
2016-09-28,0.034548944337811846,-0.05474176902055228,0.4900583965755821,0.14862582356425233,0.8795001201064948,89500
2016-09-29,-0.024118738404452673,-0.34860883189532366,-0.1661921694081292,-0.23910875353580205,-0.6323023690271933,34600
2016-09-30,0.005703422053231987,0.24638816803173885,-0.15235985355360798,0.15375617698961072,0.13618232823514237,103900
2016-10-03,0.01512287334593574,0.04506563292620692,0.015464736299085966,0.45209404112175694,0.37891136140904363,51700
2016-10-04,-0.013035381750465602,-0.05474176902055228,-0.2202838358511882,-0.009837450367809515,-0.3466963011846141,40800
2016-10-05,0.00943396226415091,0.44335366144958427,-0.15668822408805827,0.8062386127009167,0.23231429924645933,28800
2016-10-06,0.0,-0.35080596881401205,-0.16200767011871223,0.4547435173399662,-0.010788665907163554,48600
2016-10-07,-0.003738317757009266,0.24132243077291915,-0.04923541426884292,0.39634464569692346,-0.10712105583719675,83000
2016-10-10,0.0018761726078798848,0.3414917441489414,-0.10329415980287632,0.5711029951728153,0.0375582652490936,30700
2016-10-11,-0.04681647940074907,-0.35136039615445813,-0.8388523892176359,-1.0083997480387983,-1.2171985117069921,37200
2016-10-12,0.005893909626719106,0.15271644563499762,0.6372573848486756,0.2586655769903394,0.14109098619274799,39800
2016-10-13,-0.0019531249999999584,-0.7765910061472042,-0.5491116538221165,0.07811641936081204,-0.061118576661625144,34900
2016-10-14,-0.019569471624266248,0.3585507212325601,-0.25949718875213656,0.015780570214867014,-0.5150727032121436,27000
2016-10-17,-0.029940119760478938,0.15602915165743778,-0.6054434865343576,-0.37181616094508685,-0.7823130463348358,58200
2016-10-18,0.012345679012345599,0.5970868190020946,-0.04308630978320482,0.8169126513566872,0.30734607861486096,21500
2016-10-19,0.010162601626016224,-0.16205501217061982,-0.23535547880155058,0.6248361658450069,0.2510905445225517,29700
2016-10-20,0.028169014084507157,0.05149186403747261,0.3666831872861018,0.4368830978435003,0.7150962441290197,34600
2016-10-21,-0.01565557729941293,-0.7780036269635019,-0.9620065496799087,-0.3816403224244285,-0.41421589575114526,39600
2016-10-24,-0.019880715705765512,0.470090394297889,-0.4260023644789892,-0.057030292207805575,-0.5230931252766371,31600
2016-10-25,-0.02028397565922914,0.2665449386660704,-0.5422995065292715,-0.3446576698467846,-0.5334846964605962,27800
2016-10-26,-0.020703933747411935,-0.3826803754170443,-0.6009555810871468,0.041477796271814055,-0.5443065604472109,50600
2016-10-27,0.006342494714587602,0.2801300003018612,-0.08809773499511966,0.15990946769179654,0.15265053688110533,44200
2016-10-28,-0.021008403361344463,0.05617864196649588,-0.44068070781494695,-0.033672255792280566,-0.5521524118375047,39100
2016-10-31,0.00858369098712447,-0.16804244633779142,-0.1432526275685716,-0.049166059648602115,0.21040373157167067,36300
2016-11-01,-0.010638297872340387,0.428304820784326,-0.40494790213571297,0.023585890528565617,-0.28492605214422995,32800
2016-11-02,0.004301075268817112,-0.28183043839619165,-0.01225096476970008,0.3523885057505446,0.10004537411986232,40700
2016-11-03,-0.01498929336188443,0.5105485482153622,0.2430789662584907,0.019315527915829554,-0.3970464820613214,41900
2016-11-04,0.03043478260869578,-0.05474176902055228,1.1759370827087965,0.4166572967031971,0.7734826390667088,52500
2016-11-07,0.029535864978902884,1.6160846749615687,0.41969732049927694,0.6883390039121338,0.7503185076961677,63200
2016-11-08,-0.03688524590163929,0.05345109087664947,-0.6640521902700208,-0.5921280587529288,-0.9612814067127329,68000
2016-11-09,-0.4893617021276596,-5.109880499536684,-2.458842604422676,-14.733933226586545,-12.621108432812266,2003900
2016-11-10,-0.1583333333333333,1.0452189732676869,1.6623185104525875,-5.039616989742907,-4.090866764402183,1454400
2016-11-11,0.22277227722772286,7.002432102294035,6.293087420297616,0.6883390039121338,5.729811055789841,908800
2016-11-14,-0.02834008097166003,3.792894187809526,2.0831646705360445,-1.3355247259034142,-0.7410817838990313,1093200
2016-11-15,-0.08333333333333323,0.6052346763523959,-0.34878671887005075,-2.5661814470282294,-2.158198191430856,1084100
2016-11-16,0.009090909090909097,0.4252411003415823,0.5082183504435674,0.40430812819370016,0.22347419142269268,453900
2016-11-17,0.009009009009009016,-2.195205916176037,0.0894439814384174,-0.5782851715889853,0.22136371523053078,1128100
2016-11-18,0.09374999999999997,0.4166699776743906,2.775608905256191,0.26990066021979925,2.405047050306993,1779200
2016-11-21,0.18367346938775497,1.4537758204033027,6.046220088146972,0.30576680396485373,4.722277227083836,1576600
2016-11-22,0.09655172413793112,-0.7829916397769001,3.2269930530937008,-1.4663779842966562,2.477244439527191,1625000
2016-11-23,-0.02201257861635229,-1.3829962502742654,-1.0104593120080525,-2.455650563788749,-0.5780289179322932,551900
2016-11-25,0.0032154340836013607,0.2847959520716315,1.5050998741570667,-0.7181161363013189,0.07206957945066307,386100
2016-11-28,-0.0737179487179487,0.11448296056225196,-0.049054689499856564,-1.815138266041994,-1.9104201692550462,360600
2016-11-29,-0.006920415224913501,-0.23743421064628212,-0.6214863250087503,-1.365725114605245,-0.1891202528018647,435700
2016-11-30,-0.024390243902439122,0.3131893503511179,-0.0952087729254092,-0.18255706100849303,-0.6392987709384922,211100
2016-12-01,0.02142857142857145,-0.05474176902055228,1.1056733130507925,0.3535883289582689,0.5414023549417846,250600
2016-12-02,0.05244755244755242,0.49908461870499843,1.278204443488431,0.14212578137669094,1.3407278186881701,564900
2016-12-05,0.039867109634551534,0.8223033411095989,1.1783336764025614,0.7921376628125615,1.0165434659048376,440700
2016-12-06,-0.015974440894568634,-0.05474176902055228,-0.051217035378021906,-0.08026850961346198,-0.4224326644101078,258400
2016-12-07,-0.025974025974025997,-0.05474176902055228,-0.4320386398890983,-0.6303757762091544,-0.6801111154210426,264500
2016-12-08,-0.06666666666666672,-0.40672920655278866,-0.37392553423658775,-1.6549157207649303,-1.7287162863261216,458200
2016-12-09,0.0285714285714286,0.32238762833541146,0.3515088520547965,0.7999225622300886,0.7254660285581063,285000
2016-12-12,-0.020833333333333353,0.31191181174219024,0.2168366268769379,-0.2880171313699754,-0.5476410472880882,280900
2016-12-13,-0.0070921985815602905,0.3197129517584148,-0.5119215845464972,0.13437807609249827,-0.19354692339854207,247000
2016-12-14,-0.02857142857142844,-0.431871166376516,-0.833606729510333,-0.6506636959033255,-0.7470433603724277,175500
2016-12-15,0.0036764705882352156,0.139368950206782,-0.0604297190774733,-0.11571898984960731,0.08394998963064616,190700
2016-12-16,0.01831501831501825,0.5254573038347765,0.6001344985369907,0.5738943287142347,0.46116947157056987,403400
2016-12-19,-0.021582733812949503,1.2747071856875294,0.46777264357525056,-0.21075153793037846,-0.5669522840284047,315200
2016-12-20,0.01102941176470581,0.139368950206782,0.38319643444957924,-0.0008535621693561095,0.2734273007062656,199900
2016-12-21,-0.01818181818181812,0.3292445264691601,-0.2870823538794721,-0.22055979838685028,-0.47931438056687603,104000
2016-12-22,0.0037037037037036245,0.1408068073862359,-0.16722860788954375,0.10975759041162203,0.08465175744944095,161500
2016-12-23,0.03321033210332098,-0.05474176902055228,0.27597313903990756,0.6883390039121338,0.8450055361465596,177300
2016-12-27,-0.00714285714285715,-0.431871166376516,0.1360332917702281,0.2420047706403105,-0.19485233952347958,278700
2016-12-28,-0.028776978417266053,-0.05474176902055228,-0.508843205196545,-1.334614715233529,-0.7523401567354852,272900
2016-12-29,-0.04444444444444448,-0.44583892183414625,-0.05550053959383938,-0.7002563884890902,-1.156073746186469,235400
2016-12-30,0.02713178294573637,0.3545459490401857,0.5603029996173562,-0.40154691454231217,0.6883679237982266,594400
2017-01-03,-0.03773584905660381,0.5429727475436186,-0.04285207903205951,-0.7264563015532619,-0.9832005265216666,190600
2017-01-04,0.09019607843137255,0.3593610986644275,2.3499390484195257,0.6883390039121338,2.313466349953774,155100
2017-01-05,-0.003597122302158197,1.4646284649315395,0.14223402731798315,-0.09836522020006791,-0.10348260226070376,133900
2017-01-06,0.0,-0.05474176902055228,-0.2902504881429309,0.5755469594030076,-0.010788665907163554,68000
2017-01-09,-0.03610108303249101,-0.05474176902055228,-0.7258689493680521,-0.5523734856882363,-0.9410743809354807,77000
2017-01-10,0.007490636704119857,-0.2524875204431503,0.5169488889773992,0.5713225382603485,0.18223690942080947,86900
2017-01-11,0.018587360594795637,-0.05474176902055228,0.39556519337692103,0.4560460944026349,0.46818743644013333,62800
2017-01-12,0.0,-0.05474176902055228,-0.2854809429470421,-0.337903941201912,-0.010788665907163554,54200
2017-01-13,0.014598540145985252,-0.05474176902055228,-0.06528693973653042,0.11820403440432825,0.36539986411157965,76600
2017-01-17,-0.003597122302158197,-0.05474176902055228,-0.6173560772822986,-0.21075153793037846,-0.10348260226070376,53400
2017-01-18,0.0,-0.05474176902055228,-0.3991551034492129,0.23717082587563615,-0.010788665907163554,67800
2017-01-19,0.0036101083032490204,0.5170789778729652,-0.3991551034492129,-0.3267893966699841,0.08223990559566359,105600
2017-01-20,-0.025179856115107858,-0.4345843275085723,-0.7258689493680521,-0.21075153793037846,-0.6596462203819478,70600
2017-01-23,0.02214022140221404,-0.05474176902055228,0.16465735143902466,-0.11868599351662018,0.55974080212865,89500
2017-01-24,0.046931407942238226,0.3264720622418005,1.2344141261449968,0.4627549148938849,1.1985827636296464,122100
2017-01-25,0.020689655172413814,0.12732069866854054,0.3143578933850424,0.796074853322577,0.522361285257341,144600
2017-01-26,-0.06587837837837833,-0.05474176902055228,-0.5220407166664314,-1.6338053178399068,-1.7084029529765685,68800
2017-01-27,-0.016274864376130172,0.040734027778428404,-0.6713181746124638,-0.04613505083896412,-0.43017425136206044,39600
2017-01-30,-0.04411764705882357,-0.24885248824789244,-0.8367754877498186,-0.690046128250846,-1.147652532360886,67300
2017-01-31,0.011538461538461463,-0.05474176902055228,-0.14574244090959879,0.08750445912313867,0.28654496070380847,64800
2017-02-01,0.05703422053231936,0.14601152234764964,1.2240619764010527,0.807135187672699,1.4589212755158958,92300
2017-02-02,0.025179856115108017,-0.2446630482645623,0.5762855156609975,0.014021097530249582,0.6380688885676236,83600
2017-02-03,-0.028070175438596516,0.3157713231186426,-0.514173662070931,-0.29829456437294805,-0.7341266113467232,44600
2017-02-06,-0.04332129963898921,-0.05474176902055228,-0.7258689493680521,-0.7779575747064851,-1.1271315239411435,64500
2017-02-07,-0.003773584905660297,-0.05474176902055228,-0.15668822408805827,0.45253978633456776,-0.108029851968611,81700
2017-02-08,-0.011363636363636458,-0.05474176902055228,-0.38306692164260486,0.09660801283206463,-0.30361723756948816,106000
2017-02-09,0.030651340996168612,-0.05474176902055228,0.42993865369094253,0.44892600522226933,0.7790631135958056,110200
2017-02-10,0.0,0.14153375376694532,-0.24365226798771603,0.33989963964788894,-0.010788665907163554,59900
2017-02-13,0.0,-0.05474176902055228,-0.5015821208190575,0.33989963964788894,-0.010788665907163554,33000
2017-02-14,0.0,-0.05474176902055228,-0.7258689493680521,-0.24083263412585815,-0.010788665907163554,86900
2017-02-15,0.03345724907063192,-0.44729281459553577,0.6198520219259157,0.4560460944026349,0.8513683183179629,38300
2017-02-16,0.003597122302158357,0.5909905804090888,-0.35692518427648595,0.13764604703359085,0.08190527044637665,29800
2017-02-17,-0.02150537634408604,0.1344987887924727,-0.6177450123076972,-0.4314959899598196,-0.56495886604231,53400
2017-02-21,0.0,-0.05474176902055228,-0.6153686620426324,0.4594496535163287,-0.010788665907163554,23500
2017-02-22,0.021978021978021997,-0.44154115092410484,0.04763306190988566,0.11611562792262123,0.5555610990661165,31600
2017-02-23,0.0035842293906809273,-0.05474176902055228,-0.5096210752473356,-0.2075289911854303,0.08157303411535896,39800
2017-02-24,0.0142857142857143,-0.6204358650544979,0.6747221924816491,0.2420047706403105,0.3573386813254685,93600
2017-02-27,-0.0035211267605633053,-0.05474176902055228,0.6549955566809489,0.35830312719705504,-0.10152427966168288,122400
2017-02-28,-0.04240282685512371,-1.0808535568795399,-1.0563155683203613,-1.6300755646729443,-1.1034634774810597,74100
2017-03-01,0.011070110701107102,-0.05474176902055228,0.053341563838135035,0.6191654327039557,0.27447606811074604,21600
2017-03-02,0.0,-0.4401294743478154,-0.5056749461575472,0.2322310283058935,-0.010788665907163554,37900
2017-03-03,0.007299270072992544,0.9087274942976026,0.044810061868728775,0.2322310283058935,0.17730559910220806,151500
2017-03-06,-0.018115942028985445,-0.43733680981644885,-0.23402256176196484,-0.10406597544725579,-0.47761682362970503,115400
2017-03-07,0.0,-0.24956876396459066,-0.1692900113636308,0.45776043321820353,-0.010788665907163554,63800
2017-03-08,0.040590405904059,0.3349122208675244,1.7230783778514056,0.22718186252427336,1.035182025491829,176700
2017-03-09,0.0,-3.986516337199759,2.269394158133765,-1.6382968929303372,-0.010788665907163554,331000
2017-03-10,0.04255319148936174,0.3197129517584148,1.1996573340259695,0.9099233750399851,1.0857608790411077,60500
2017-03-13,0.08843537414965995,-0.23432719633291096,2.2497459307521885,0.05071867066667398,2.268094912199617,271600
2017-03-14,-0.015625000000000083,-0.38472999170702055,1.0652716454974276,-0.8738308125392423,-0.41342795194285914,179300
2017-03-15,0.009523809523809603,-0.05474176902055228,-0.15126745527586977,-0.10514407745999373,0.23462956558126352,66000
2017-03-16,0.0062893081761006345,0.277321851292876,-0.3464151325147229,0.4918396559308288,0.15127997752858696,81200
2017-03-17,0.05937499999999998,-0.8797123257367317,1.8194361064934237,0.20016093627107567,1.5192406210284677,393600
2017-03-20,0.0,-0.21048842279587932,-0.10296025002033138,-0.565083385688971,-0.010788665907163554,116000
2017-03-21,-0.011799410029498535,-0.5219817303465333,-0.5478950352687004,0.13535853791164626,-0.3148466518220244,78800
2017-03-22,-0.008955223880597088,-0.5275607149593791,-0.2756215099674586,-0.43082743175452387,-0.2415550626798615,125600
2017-03-23,0.18975903614457842,-0.213772237785112,5.452827839514778,0.1236993112188657,4.8790956753455905,1573400
2017-03-24,-0.0911392405063292,-0.18840788453912288,-0.3440135260789469,-2.1591604083536646,-2.3593479444545977,526500
2017-03-27,0.12534818941504183,0.8276779908095594,3.4756043709438784,0.9494258813134807,3.219298085576948,208600
2017-03-28,0.007425742574257487,0.07594663600379217,0.3941772798339172,-0.0850123903707257,0.18056465814940348,135700
2017-03-29,0.02948402948402951,0.20470843063465338,0.16356333878446982,0.22774839463899735,0.7489827632707535,197500
2017-03-30,0.023866348448687263,0.7013171660128783,0.06609373043680122,-0.13189335794777973,0.6042212220709785,164700
2017-03-31,0.018648018648018665,0.43754835340214776,0.25858815589478146,0.5863792023721811,0.46975052861562216,158500
2017-04-03,0.0,0.6701751503822158,-0.24265144575505773,0.2593678872664452,-0.010788665907163554,219800
2017-04-04,-0.03203661327231114,0.4285361772479597,-0.3807135896444905,-0.5270791599173106,-0.83633740798492,144900
2017-04-05,-0.018912529550827437,0.44453119201806657,0.4864994512874417,-0.050275566514052676,-0.4981440192175063,194100
2017-04-06,0.17108433734939757,0.8358288560609961,4.5732721789796855,0.6883390039121338,4.3978689623969025,518300
2017-04-07,-0.002057613168724419,0.2711725249907653,0.0810559883231341,-0.3659649051332427,-0.06381112332750574,214400
2017-04-10,0.037113402061855795,0.8161549836365186,2.508485852429194,0.6239196300378504,0.9455834114394739,240100
2017-04-11,-0.0059642147117296715,-0.05474176902055228,-0.48597568145679915,-0.057030292207805575,-0.16448000371800647,142200
2017-04-12,-0.027999999999999935,-0.1603380002802226,-0.5448694787290139,-0.6238836419070222,-0.7323182664831227,109900
2017-04-13,0.0020576131687242358,0.48844872099832204,0.1431271373763002,0.62405218018985,0.042233791513172914,73800
2017-04-17,-0.01437371663244359,-0.27157181267490915,-0.84975633515795,-0.08151881117684041,-0.381183738071416,105800
2017-04-18,0.09166666666666676,-0.2747339174781919,2.6050240866975845,0.3628869588180985,2.3513618121689035,471000
2017-04-19,0.10496183206106867,0.4490570442412325,3.8221457390810585,0.7241138852049149,2.69396378990512,511600
2017-04-20,-0.05181347150259064,-0.05474176902055228,0.31615448551414904,-1.7938651949397921,-1.3459655729685271,271200
2017-04-21,0.047358834244080106,0.8108011101570735,1.9665943357906817,0.4607004149938992,1.2095970753740595,240600
2017-04-24,0.005217391304347869,0.7716635190986082,0.952966720327376,0.3079846138196252,0.123657843516929,274100
2017-04-25,-0.02941176470588234,0.4933355558566254,0.5267225429436292,-0.6630189687966678,-0.7686979102096442,222600
2017-04-26,0.016042780748663076,-1.0899989382330075,0.7797713292692195,0.07572338961747571,0.4026163764396456,196600
2017-04-27,0.021052631578947385,0.50102786918824,0.8089218835360701,0.7431519799279716,0.5317147931725084,151300
2017-04-28,-0.036082474226804113,0.12669505444967083,-0.3630406863459267,-0.492682850449733,-0.9405948522163917,152900
2017-05-01,0.014260249554367213,-0.14885605713078348,0.08072405704477009,0.6326466753398874,0.3566824828455519,71000
2017-05-02,-0.015817223198594153,0.13084035973106364,-0.14268377742036145,0.13924592255839624,-0.41838133507510833,64700
2017-05-03,-0.03392857142857134,-0.526153515715507,-0.40265560894119284,-0.9854143708571937,-0.8850911155846647,142400
2017-05-04,-0.03512014787430691,-0.44511600657940614,-0.8373904962805847,-1.1885748236172438,-0.9157967469042133,140000
2017-05-05,0.06896551724137938,0.45098730789356967,2.2214404384323814,0.9876052522744616,1.7663778379745183,99200
2017-05-08,-0.0017921146953404636,0.22911906769899104,0.3013084527053366,0.24040500636335171,-0.05696951591842481,96200
2017-05-09,0.1005385996409335,-3.751557764646353,2.5778317415300083,-1.8975148035711125,2.5799818927138833,499100
2017-05-10,0.07014681892332784,0.8065651743699154,3.063407624641177,1.1980192050381993,1.7968186997865165,404700
2017-05-11,0.04573170731707328,0.5086527575173257,0.8836283759282755,-0.5023392098465352,1.1676677810265752,294100
2017-05-12,0.01603498542274044,0.022223414113320742,0.6813183831026042,0.14180728970173917,0.40241549935395227,250100
2017-05-15,-0.010043041606886571,0.17250980470901495,0.8322326630196532,0.3297347418859933,-0.26958694444947034,292300
2017-05-16,0.01884057971014491,-0.05474176902055228,0.41084270198822137,0.2264801016569446,0.4747126181242815,286100
2017-05-17,-0.029871977240398286,0.020362236142795188,-0.16802325986888242,-0.5560636948258051,-0.7805570875742621,182100
2017-05-18,0.016129032258064432,-0.05474176902055228,0.20301396446865277,0.4134704145071965,0.40483898419419634,180500
2017-05-19,0.00865800865800873,0.09763374506266859,0.4929827047668856,0.7334232698991906,0.21231881726413326,125400
2017-05-22,0.03862660944206003,0.3229271553702566,1.2593422212079475,0.911825386809326,0.9845771227475935,349000
2017-05-23,-0.008264462809917302,0.1634322625076971,-0.1441442962581935,-0.21539560064651322,-0.22375489984339705,226800
2017-05-24,-0.015277777777777822,-0.2747339174781978,-0.6336932930240965,-0.005958692288478231,-0.40448041225317566,95700
2017-05-25,-0.011283497884344157,-0.05474176902055228,-0.04509990136038761,0.15953680934467346,-0.30155215596396806,291300
2017-05-26,0.0028530670470756723,-0.20537833287171953,-0.20946532414968017,0.19807172913424556,0.06273177433901292,128200
2017-05-30,-0.02702702702702708,0.020362236142795188,-0.5113129149452956,-0.3338489271940314,-0.7072458093202552,273500
2017-05-31,0.027777777777777835,0.5627800512114431,0.42081385682468336,1.053758844017722,0.7050145092674045,260800
2017-06-01,0.01706970128022761,-0.20494977934725309,0.6902008778221438,0.5550101433330668,0.4290790036168952,220900
2017-06-02,0.03496503496503496,-0.05474176902055228,0.4554795769473468,0.6009448883064605,0.890222323823059,128700
2017-06-05,0.0,0.5873974751260902,0.39518633049085183,0.3505725571118365,-0.010788665907163554,322100
2017-06-06,0.0,-0.4828345984516493,-0.3467484365430388,0.22391013956172284,-0.010788665907163554,181000
2017-06-07,0.01621621621621611,-0.05474176902055228,0.08944398143842411,-0.11385630723857439,0.4070856201406863,139700
2017-06-08,-0.049202127659574366,0.1558890114176167,-0.2846025094235883,-1.3474674058250289,-1.2786740772535965,334800
2017-06-09,-0.011188811188811197,0.3144758227964698,0.2234289735639655,0.02851343108931403,-0.299112182620835,227500
2017-06-12,-0.007072135785007172,-0.20409994619123667,-0.4698583826933211,0.24642392146478448,-0.19302992691342113,187500
2017-06-13,0.02136752136752142,0.24610219468220687,0.09060539586977556,0.643832741335174,0.5398291611501979,131200
2017-06-14,-0.009762900976290137,0.018895770212135798,-0.3892823001090311,0.12186180408318362,-0.26236802454592484,147000
2017-06-15,-0.005633802816901414,-0.2034688553017719,-0.5134282561297449,0.16028160116801127,-0.15596564791439904,141300
2017-06-16,0.005665722379603405,-0.35388123434539653,-0.42676689684839164,0.4228143892178513,0.1352108485760364,373200
2017-06-19,0.050704225352112726,0.3170759466825114,0.8461921805954221,0.9083629217221862,1.2958041721579616,219300
2017-06-20,-0.006702412868632684,0.15758309276163246,-0.15974013146221325,0.18576426403501553,-0.18350256876429727,161900
2017-06-21,-0.052631578947368494,0.3015208195748238,-0.5223157885054376,-1.1247055873809595,-1.3670473136063404,138500
2017-06-22,0.002849002849002915,-0.20516375087193187,0.04763306190989235,-0.5133300856658459,0.06262704436715244,231300
2017-06-23,0.0014204545454545151,-0.05474176902055228,-0.5544679355053285,0.4220600579261068,0.025814905550627737,355900
2017-06-26,0.017021276595744695,0.6941676725373936,0.08713103695387288,0.46675463278427887,0.42783115207214495,249900
2017-06-27,-0.025104602510460212,-0.05474176902055228,-0.5155022935811623,-0.18316438044009986,-0.6577070166925432,142000
2017-06-28,0.0157367668097281,0.3229271553702566,0.5688339879641224,0.8224308336504449,0.39473072947070015,160700
2017-06-29,0.02957746478873239,0.3914394898231241,0.2513582395281616,0.5563246532261057,0.7513904896308229,193900
2017-06-30,-0.017783857729138153,-0.05474176902055228,-0.1481232610537449,0.047229640115401254,-0.46905937176447693,193500
2017-07-03,0.03064066852367697,-0.12827674900639394,0.4085288471161728,0.20967972867634024,0.7787880955667292,76000
2017-07-05,0.024324324324324284,0.016607035884623714,0.150592451248911,0.34212839594182565,0.6160227631646169,206000
2017-07-06,0.044854881266490745,0.01491273708740766,0.8660349260852316,-0.3215069196514193,1.1450729256675976,294100
2017-07-07,0.0,0.27857966803648526,-0.5354233784094696,-0.47539861187866145,-0.010788665907163554,196700
2017-07-10,0.007575757575757638,0.21191538062507542,-0.42115603583431604,0.2938516765254256,0.1844303818677176,177200
2017-07-11,0.017543859649122653,-0.05474176902055228,-0.19663073112525575,0.21851349520495342,0.4412975499925573,292900
2017-07-12,0.00862068965517245,0.46543671009112303,0.277206934715295,0.6883390039121338,0.21135714707804523,318300
2017-07-13,0.021978021978021945,0.5254573038347765,0.3349338089559835,0.7264872289781013,0.5555610990661165,225100
2017-07-14,-0.020310633213859015,-0.4963030705842753,-0.25733188877316504,-0.2821846574435566,-0.5341716327014702,282100
2017-07-17,0.031707317073170926,0.13842206864958806,0.37778635940657135,0.3073219755093591,0.8062744706335657,157000
2017-07-18,-0.027186761229314467,-0.05474176902055228,-0.29797421972494215,-0.308790666163215,-0.7113619862907826,142500
2017-07-19,0.01336573511543128,0.07356470881622619,0.19049127055417062,0.5858394047768043,0.3336318169228801,163900
2017-07-20,0.01798561151079141,0.32510078946746773,-0.0024498021296949757,0.42610426254139755,0.4526810158605432,180500
2017-07-21,0.023557126030624178,0.2562011969973128,0.12689651889596648,0.28353646019093004,0.5962528960783318,252100
2017-07-24,0.0,-0.05474176902055228,0.523839708669036,-0.31835270749496364,-0.010788665907163554,302000
2017-07-25,-0.003452243958572999,0.4920741581008676,0.28084080293960717,0.22094642361598496,-0.09974924464001952,111800
2017-07-26,-0.042725173210161775,0.1891294348124009,-0.4158429122842513,-1.223785713684236,-1.1117699930809777,231300
2017-07-27,-0.07840772014475265,0.645836363582818,-0.3255886564389316,-3.231218557268634,-2.0312704872684177,405700
2017-07-28,0.040575916230366556,-0.6767090997385021,0.6166227613054455,0.3202885235963666,1.0348086423321223,208300
2017-07-31,-0.01886792452830193,0.1444964031675047,-0.15668822408805827,-0.2155579968018725,-0.49699459621441505,247200
2017-08-01,0.0064102564102563875,-0.05474176902055228,-0.1457424409095921,0.36789391335800675,0.15439668221004313,117900
2017-08-02,0.014012738853503227,-0.05474176902055228,0.08113505985059553,0.48933647952342363,0.35030440080510095,120000
2017-08-03,-0.05904522613065324,-1.6466447528346773,-0.7637666609758903,-1.3526868869288566,-1.5323200382631468,173800
2017-08-04,0.004005340453938499,-0.125233245161855,-0.02104235030637559,0.39634464569692346,0.09242460901786935,96000
2017-08-07,0.007978723404255386,0.22609927156367302,-0.1642571167114569,0.3559624472203566,0.1948143737706398,94100
2017-08-08,-0.027704485488126644,-0.6119778178842494,-0.5666785618227218,-0.5069888239794207,-0.7247031783503971,86800
2017-08-09,0.018995929443690593,1.0198467444767711,0.6494323200737614,0.34919765977072076,0.4787158120955218,115800
2017-08-10,-0.010652463382157133,0.22647322767630185,-0.38041944925803867,-0.2269136182431299,-0.2852910819528013,93400
2017-08-11,-0.017496635262449517,0.08737967278250558,0.08615200459802294,-0.867523262809291,-0.46165796063353715,272500
2017-08-14,0.0013698630136986009,0.2345629741566252,-0.10600774854942607,0.2603472733775123,0.024511216704186135,111300
2017-08-15,-0.02188782489740072,-0.19919625774786986,-0.6433338510374349,-0.6793609721875615,-0.5748141500392392,150800
2017-08-16,-0.001398601398601493,0.3883193411598742,-0.3039587613982673,0.12027725247526656,-0.046829105496374625,145600
2017-08-17,-0.016806722689075647,-0.4984234129687449,-0.556868509929175,0.1632399059452835,-0.4438796626514394,140600
2017-08-18,-0.0014245014245013942,-0.3555857327233115,-0.46803494560873954,0.1097575904116255,-0.04749652104431869,126200
2017-08-21,0.012838801711840209,-0.13006005094613296,-0.2524989595845484,0.28721123363931517,0.32005331520062197,71100
2017-08-22,-0.016901408450704116,0.1683488604012859,-0.47094011748208336,0.1162768176059973,-0.44631961192886715,95900
2017-08-23,0.020057306590257833,-0.43295176636894644,0.05206573819228193,0.4645324399506157,0.5060663488320628,120700
2017-08-24,-0.016853932584269676,-0.20305108258750812,-0.47165620970648287,0.07400255924024506,-0.44509621039510283,88600
2017-08-25,0.019999999999999955,-0.1301676484917462,0.049843067656392716,0.10810450065876598,0.5045896202185236,112500
2017-08-28,-0.012605042016806704,-0.20263565033661649,-0.8103691690874907,0.07572338961747918,-0.3356069134653683,72000
2017-08-29,-0.004255319148936206,-0.42919648979952524,-0.5547110575108055,0.42243775855871135,-0.12044362040199066,51900
2017-08-30,0.0014245014245015208,-0.43079672364900423,-0.5969519474883959,0.46580769102732444,0.025919189229997305,74700
2017-08-31,0.012802275960170676,-0.05474176902055228,-0.12511205298433245,0.6883390039121338,0.31911208623587906,138000
2017-09-01,0.005617977528089893,0.16772220132987564,-0.5140249996500755,0.29340843233734965,0.13398051558881335,157800
