Date,movement_percentage,Open,High,Low,Close,Volume,Adj Close
2014-11-21,0.0,0.0,0.0,0.0,-0.010788665907163554,0,-0.010788665907163554
2014-11-24,0.0,0.0,0.0,0.0,-0.010788665907163554,0,-0.010788665907163554
2014-11-25,0.006224066390041361,0.006224066390041472,0.006224066390041472,-0.004149377593361092,0.14959876753443963,1100,0.14959876753443963
2014-11-26,0.0,0.0,0.0,0.0,-0.010788665907163554,0,-0.010788665907163554
2014-11-28,0.0,0.0,0.0,0.0,-0.010788665907163554,0,-0.010788665907163554
2014-12-01,-0.004742268041237049,-0.0020618556701030855,0.0,-0.005154639175257603,-0.13299176467923088,2300,-0.13299176467923088
2014-12-02,0.0,0.0,0.0,0.0,-0.010788665907163554,0,-0.010788665907163554
2014-12-03,0.0,0.0,0.0,0.0,-0.010788665907163554,0,-0.010788665907163554
2014-12-04,-0.010772736689455066,-0.010772736689455109,-0.010772736689455109,-0.010772736689455109,-0.28839039450189746,500,-0.28839039450189746
2014-12-05,0.0,0.0,0.0,0.0,-0.010788665907163554,0,-0.010788665907163554
2014-12-08,0.006282722513088871,0.009424083769633551,0.024083769633507668,0.006282722513088812,0.1511102721427854,9100,0.1511102721427854
2014-12-09,-0.004162330905306884,-0.004162330905306932,-0.004162330905306932,-0.004162330905306932,-0.1180474143204168,100,-0.1180474143204168
2014-12-10,0.0010449320794148158,0.011494252873563093,0.013584117032392706,0.0010449320794148065,0.01613809930316409,5200,0.01613809930316409
2014-12-11,0.004175365344467552,0.0041753653444676075,0.0041753653444676075,0.0041753653444676075,0.0968059658518516,100,0.0968059658518516
2014-12-12,-0.0031185031185030523,-0.0031185031185030354,-0.0031185031185030354,-0.0031185031185030354,-0.09114910553174874,100,-0.09114910553174874
2014-12-15,0.0031282586027110908,0.0031282586027110426,0.0031282586027110426,0.0031282586027110426,0.06982316195399407,100,0.06982316195399407
2014-12-16,0.0,0.0,0.0,0.0,-0.010788665907163554,100,-0.010788665907163554
2014-12-17,0.003118503118503237,0.0031185031185032575,0.0031185031185032575,0.0031185031185032575,0.06957177371742736,100,0.06957177371742736
2014-12-18,-0.0020725388601035826,0.004145077720207224,0.004145077720207224,-0.00932642487046631,-0.06419574218961775,1400,-0.06419574218961775
2014-12-19,0.0010384215991692406,-0.004153686396677125,0.0010384215991692258,-0.004153686396677125,0.015970331295622968,1300,0.015970331295622968
2014-12-22,0.0,0.0,0.0,0.0,-0.010788665907163554,0,-0.010788665907163554
2014-12-23,0.0,0.0,0.0,0.0,-0.010788665907163554,0,-0.010788665907163554
2014-12-24,-0.004149377593361091,-0.004149377593361092,-0.004149377593361092,-0.004149377593361092,-0.11771362153490186,0,-0.11771362153490186
2014-12-26,0.004166666666666763,0.004166666666666874,0.004166666666666874,0.004166666666666874,0.09658181036902652,0,0.09658181036902652
2014-12-29,-0.004149377593361091,-0.004149377593361092,-0.004149377593361092,-0.004149377593361092,-0.11771362153490186,13300,-0.11771362153490186
2014-12-30,0.0,0.0,0.0,0.0,-0.010788665907163554,0,-0.010788665907163554
2014-12-31,0.0,0.0,0.0,0.0,-0.010788665907163554,0,-0.010788665907163554
2015-01-02,0.0,0.0,0.0,0.0,-0.010788665907163554,0,-0.010788665907163554
2015-01-05,0.005208333333333408,0.008333333333333304,0.01041666666666674,0.005208333333333481,0.12342442943807118,7200,0.12342442943807118
2015-01-06,0.0010362694300517913,0.004145077720207224,0.010362694300518172,0.000829015544041356,0.015914872234064976,20400,0.015914872234064976
2015-01-07,0.0072463768115942325,0.008281573498964745,0.008281573498964745,0.007246376811594235,0.1759425971818542,500,0.1759425971818542
2015-01-08,0.0020554984583761125,-0.006166495375128478,0.0020554984583760483,-0.008221993833504637,0.0421792977234284,2100,0.0421792977234284
2015-01-09,0.0,0.0,0.0,0.0,-0.010788665907163554,0,-0.010788665907163554
2015-01-12,0.0,0.0,0.0,0.0,-0.010788665907163554,0,-0.010788665907163554
2015-01-13,0.005128205128205201,-0.0010256410256409554,0.00512820512820511,-0.0010256410256409554,0.1213596125866018,2100,0.1213596125866018
2015-01-14,-0.007142857142857171,-0.008163265306122436,-0.003061224489796066,-0.008163265306122436,-0.19485233952347958,6600,-0.19485233952347958
2015-01-15,-0.004110996916752407,-0.005138746145940454,-0.00411099691675243,-0.006166495375128478,-0.11672459316835603,2300,-0.11672459316835603
2015-01-16,0.0010319917440660255,-0.0010319917440659854,0.011351909184726727,-0.0010319917440659854,0.01580464091046574,5700,0.01580464091046574
2015-01-20,0.002061855670103232,-0.010309278350515427,0.004123711340206171,-0.010309278350515427,0.04234311616765504,2200,0.04234311616765504
2015-01-21,0.0030864197530863537,-0.012345679012345734,0.008230452674897082,-0.012345679012345734,0.06874502022334401,5800,0.06874502022334401
2015-01-22,-0.006153846153846205,-0.01025641025641022,-0.003076923076922977,-0.01025641025641022,-0.16936660009968313,1200,-0.16936660009968313
2015-01-23,0.006191950464396336,0.0010319917440659854,0.007223942208462342,0.0010319917440659854,0.14877117499862366,1800,0.14877117499862366
2015-01-26,-0.0010256410256410037,-0.006153846153846176,0.007179487179487243,-0.009230769230769265,-0.03721832160591491,292800,-0.03721832160591491
2015-01-27,0.0041067761806980645,-0.004106776180698213,0.004106776180698102,-0.006160164271047264,0.0950384975683355,3300,0.0950384975683355
2015-01-28,-0.004089979550102162,-0.004089979550102152,0.0010224948875254825,-0.010224948875255602,-0.11618299844820126,7400,-0.11618299844820126
2015-01-29,0.0010266940451745161,-0.006160164271047264,0.004106776180698102,-0.006160164271047264,0.01566812496170835,4000,0.01566812496170835
2015-01-30,0.0010256410256410037,-0.005128205128205221,0.0010256410256410664,-0.007179487179487243,0.015640989791590662,2500,0.015640989791590662
2015-02-02,-0.005122950819672022,-0.0071721311475410054,-0.002049180327868827,-0.0071721311475410054,-0.14280154657460215,2800,-0.14280154657460215
2015-02-03,0.0010298661174047154,-0.005149330587023715,0.001029866117404632,-0.005149330587023715,0.01574986581918217,1500,0.01574986581918217
2015-02-04,-0.002057613168724419,-0.004115226337448652,0.0030864197530864335,-0.006172839506172867,-0.06381112332750574,11900,-0.06381112332750574
2015-02-05,-0.002061855670103049,-0.0020618556701030855,-0.0020618556701030855,-0.0020618556701030855,-0.06392044798197642,300,-0.06392044798197642
2015-02-06,0.0,0.0,0.0,0.0,-0.010788665907163554,0,-0.010788665907163554
2015-02-09,0.0,0.0,0.0,0.0,-0.010788665907163554,0,-0.010788665907163554
2015-02-10,0.0010330578512396473,0.010330578512396604,0.010330578512396604,0.0,0.015832113334864915,400,0.015832113334864915
2015-02-11,0.0,0.0,0.0,0.0,-0.010788665907163554,0,-0.010788665907163554
2015-02-12,0.004127966976264286,-0.0010319917440659854,0.009287925696594312,-0.003095975232198067,0.09558456136336506,3400,0.09558456136336506
2015-02-13,0.0,0.0,0.0,0.0,-0.010788665907163554,0,-0.010788665907163554
2015-02-17,0.0,0.0,0.0,0.0,-0.010788665907163554,0,-0.010788665907163554
2015-02-18,0.0020554984583761125,0.0020554984583760483,0.0020554984583760483,0.0020554984583760483,0.0421792977234284,900,0.0421792977234284
2015-02-19,0.0,0.0,0.0,0.0,-0.010788665907163554,0,-0.010788665907163554
2015-02-20,0.0,0.0,0.0,0.0,-0.010788665907163554,0,-0.010788665907163554
2015-02-23,-0.007179487179487209,0.0,0.0,-0.007179487179487243,-0.19579625579843735,1900,-0.19579625579843735
2015-02-24,0.0,0.0,0.0,0.0,-0.010788665907163554,0,-0.010788665907163554
2015-02-25,0.0,0.0,0.0,0.0,-0.010788665907163554,0,-0.010788665907163554
2015-02-26,0.0,0.0,0.0,0.0,-0.010788665907163554,0,-0.010788665907163554
2015-02-27,0.0,0.0,0.0,0.0,-0.010788665907163554,0,-0.010788665907163554
2015-03-02,0.007231404958677716,0.00723140495867769,0.00723140495867769,0.006198347107438051,0.17555678878704145,1400,0.17555678878704145
2015-03-03,0.0,0.0,0.0,0.0,-0.010788665907163554,0,-0.010788665907163554
2015-03-04,0.0,0.0,0.0,0.0,-0.010788665907163554,0,-0.010788665907163554
2015-03-05,0.0,0.0,0.0,0.0,-0.010788665907163554,0,-0.010788665907163554
2015-03-06,-0.005128205128205201,-0.005128205128205221,-0.005128205128205221,-0.007179487179487243,-0.14293694440093177,1300,-0.14293694440093177
2015-03-09,0.0,0.0,0.0,0.0,-0.010788665907163554,0,-0.010788665907163554
2015-03-10,0.0,0.0,0.0,0.0,-0.010788665907163554,0,-0.010788665907163554
2015-03-11,0.0,0.0,0.0,0.0,-0.010788665907163554,0,-0.010788665907163554
2015-03-12,0.0,0.0,0.0,0.0,-0.010788665907163554,0,-0.010788665907163554
2015-03-13,0.0,0.0,0.0,0.0,-0.010788665907163554,0,-0.010788665907163554
2015-03-16,0.0,0.0,0.0,0.0,-0.010788665907163554,0,-0.010788665907163554
2015-03-17,0.0,0.0,0.0,0.0,-0.010788665907163554,0,-0.010788665907163554
2015-03-18,0.0010309278350517075,0.0,0.0010309278350517648,0.0,0.015777225130248606,300,0.015777225130248606
2015-03-19,0.0,0.004119464469618972,0.004119464469618972,0.0,-0.010788665907163554,700,-0.010788665907163554
2015-03-20,0.0,0.0,0.0,0.0,-0.010788665907163554,0,-0.010788665907163554
2015-03-23,0.004119464469618862,0.004119464469618972,0.008238928939237722,0.004119464469618972,0.09536546099823079,1500,0.09536546099823079
2015-03-24,0.0,0.0,0.0,0.0,-0.010788665907163554,0,-0.010788665907163554
2015-03-25,0.0020512820512820075,0.0020512820512819108,0.003076923076922977,0.0020512820512819108,0.042070645490339155,1000,0.042070645490339155
2015-03-26,0.0,0.0,0.0,0.0,-0.010788665907163554,0,-0.010788665907163554
2015-03-27,0.001023541453428842,0.0020470829068577334,0.0020470829068577334,0.0010235414534287557,0.01558688609517177,2400,0.01558688609517177
2015-03-30,0.0019427402862985817,0.0,0.0019427402862985943,0.0,0.03927364204983122,900,0.03927364204983122
2015-03-31,0.00010205122971744282,-0.0009184610674558558,0.00010205122971740366,-0.0019389733646290042,-0.008158916513724843,1300,-0.008158916513724843
2015-04-01,0.0,0.0,0.0,0.0,-0.010788665907163554,1000,-0.010788665907163554
2015-04-02,0.013265306122448877,0.005102040816326481,0.04081632653061207,0.005102040816326481,0.3310438708088486,6300,0.3310438708088486
2015-04-06,0.0,0.0,0.0,0.0,-0.010788665907163554,0,-0.010788665907163554
2015-04-07,0.0,0.0,0.0,0.0,-0.010788665907163554,0,-0.010788665907163554
2015-04-08,0.05135951661631418,0.002014098690835908,0.051359516616314105,0.002014098690835908,1.312690316590821,7000,1.312690316590821
2015-04-09,-0.024904214559386954,-0.03831417624521072,-0.02490421455938696,-0.04022988505747127,-0.6525432367533248,7100,-0.6525432367533248
2015-04-10,0.020628683693516784,-0.017681728880157177,0.02062868369351678,-0.017681728880157177,0.5207901164425154,200,0.5207901164425154
2015-04-13,0.0,0.0,0.0,0.0,-0.010788665907163554,0,-0.010788665907163554
2015-04-14,-0.014436958614052007,-0.014436958614052031,-0.014436958614052031,-0.014436958614052031,-0.38281341527604384,100,-0.38281341527604384
2015-04-15,-0.011718750000000097,-0.011718750000000111,-0.011718750000000111,-0.011718750000000111,-0.312768130433936,300,-0.312768130433936
2015-04-16,0.0,0.0,0.0,0.0,-0.010788665907163554,0,-0.010788665907163554
2015-04-17,-0.006916996047430683,-0.006916996047430679,-0.006916996047430679,-0.006916996047430679,-0.18903214431031218,200,-0.18903214431031218
2015-04-20,0.0,0.0,0.0,0.0,-0.010788665907163554,0,-0.010788665907163554
2015-04-21,-0.0029850746268657844,0.0,0.0,-0.0029850746268658135,-0.08771079816473239,5400,-0.08771079816473239
2015-04-22,0.0,0.0,0.0,0.0,-0.010788665907163554,0,-0.010788665907163554
2015-04-23,0.0,0.0,0.0,0.0,-0.010788665907163554,0,-0.010788665907163554
2015-04-24,0.0019960079840318935,0.001996007984031989,0.001996007984031989,0.001996007984031989,0.040646292788016125,2000,0.040646292788016125
2015-04-27,0.0,0.0,0.0,0.0,-0.010788665907163554,0,-0.010788665907163554
2015-04-28,0.005976095617529931,0.0009960159362552012,0.005976095617529875,0.0009960159362552012,0.14320882994712517,2700,0.14320882994712517
2015-04-29,0.0,-0.002970297029702862,0.0,-0.002970297029702862,-0.010788665907163554,9600,-0.010788665907163554
2015-04-30,0.14752475247524754,0.19306930693069324,0.32178217821782185,0.11683168316831671,3.7907640386833013,2344700,3.7907640386833013
2015-05-01,0.031924072476272734,-0.010353753235547769,0.04400345125107852,-0.010353753235547769,0.8118600220415213,1613000,0.8118600220415213
2015-05-04,-0.00752508361204027,-0.0033444816053512794,0.015050167224080147,-0.02591973244147161,-0.20470190065345453,214400,-0.20470190065345453
2015-05-05,-0.020219039595619076,0.008424599831508228,0.010109519797809607,-0.02864363942712722,-0.5318113646020421,74600,-0.5318113646020421
2015-05-06,-0.024075666380051687,0.002579535683576939,0.006018916595012858,-0.03310404127257105,-0.6311924497214053,93000,-0.6311924497214053
2015-05-07,-0.01762114537444928,0.004405286343612369,0.006167400881057272,-0.017621145374449254,-0.46486645103992497,348000,-0.46486645103992497
2015-05-08,0.00896860986547082,-0.0035874439461883734,0.008968609865470878,-0.028699551569506765,0.22032267316265175,136400,0.22032267316265175
2015-05-11,-0.00177777777777774,-0.01777777777777767,0.009777777777777663,-0.022222222222222254,-0.05660006911833543,329500,-0.05660006911833543
2015-05-12,-0.0035618878005343655,-0.00267141585040076,0.005342831700801298,-0.016028495102404228,-0.10257464740773273,188100,-0.10257464740773273
2015-05-13,0.0008936550491510087,0.00536193029490617,0.009830205540661385,-0.016979445933869464,0.012239854473785703,139700,0.012239854473785703
2015-05-14,0.03214285714285725,0.005357142857142838,0.046428571428571486,-0.02410714285714277,0.8174978653662643,1546100,0.8174978653662643
2015-05-15,0.0008650519031141683,-0.004325259515570945,0.016435986159169413,-0.018166089965398036,0.011502782454673018,451100,0.011502782454673018
2015-05-18,0.0008643042350907335,0.006050129645635227,0.009507346585998278,0.0,0.011483515861446077,49400,0.011483515861446077
2015-05-19,-0.014680483592400685,-0.008635578583765069,0.006044905008635526,-0.023316062176165775,-0.38908878957455056,88900,-0.38908878957455056
2015-05-20,0.007887817703768611,-0.016652059596844793,0.014022787028922012,-0.01840490797546024,0.19247183256484388,142000,0.19247183256484388
2015-05-21,0.02347826086956518,0.0,0.04347826086956519,-0.004347826086956608,0.5942206265012501,834200,0.5942206265012501
2015-05-22,0.009345794392523468,0.002548853016142827,0.01954120645709434,-0.021240441801189447,0.23004230891792657,401800,0.23004230891792657
2015-05-26,-0.016835016835016925,-0.002525252525252597,-0.002525252525252597,-0.019360269360269355,-0.44460877207356736,93100,-0.44460877207356736
2015-05-27,-0.006849315068493157,0.005136986301369939,0.0059931506849315586,-0.015410958904109595,-0.18728807896390628,112700,-0.18728807896390628
2015-05-28,-0.026724137931034526,-0.004310344827586077,0.00387931034482758,-0.034482758620689724,-0.6994406861613159,211800,-0.6994406861613159
2015-05-29,-0.0026572187776793058,-0.019486271036315173,0.015057573073516517,-0.019486271036315173,-0.07926230888223172,123600,-0.07926230888223172
2015-06-01,0.007104795737122564,0.00355239786856143,0.013321492007104752,0.00355239786856143,0.17229420660640396,205300,0.17229420660640396
2015-06-02,-0.017636684303350907,0.0008818342151675207,0.005291005291005346,-0.022045855379188684,-0.4652668723672018,272700,-0.4652668723672018
2015-06-03,-0.000897666068222602,-0.00987432675044897,0.014362657091562037,-0.00987432675044897,-0.033920545894851266,143700,-0.033920545894851266
2015-06-04,-0.016172506738544607,0.0004492362982928544,0.0017969451931716396,-0.020664869721473522,-0.42753660617052647,485100,-0.42753660617052647
2015-06-05,0.0027397260273973644,0.0018264840182649067,0.009132420091324311,-0.0036529680365295913,0.059811099315535826,242800,0.059811099315535826
2015-06-08,-0.011839708561020108,0.008196721311475308,0.010928961748633892,-0.021857923497267784,-0.31588510122747215,192800,-0.31588510122747215
2015-06-09,-0.008294930875576024,0.006451612903225934,0.007373271889400845,-0.022119815668202758,-0.22454002881643306,55700,-0.22454002881643306
2015-06-10,0.04553903345724909,0.010223048327137496,0.05483271375464693,0.010223048327137496,1.1627027848437061,702100,1.1627027848437061
2015-06-11,-0.00355555555555548,0.008000000000000007,0.022222222222222143,-0.003555555555555534,-0.1024114723295073,210000,-0.1024114723295073
2015-06-12,0.007136485280998956,0.003568242640499486,0.02247992863514714,-0.008742194469223974,0.17311081174695844,347000,0.17311081174695844
2015-06-15,0.002657218777679463,-0.006200177147918429,0.027457927369353374,-0.016829052258635957,0.057684977067907484,247000,0.057684977067907484
2015-06-16,0.007067137809187285,0.0026501766784452485,0.02738515901060068,0.0026501766784452485,0.17132380268848676,855100,0.17132380268848676
2015-06-17,0.006140350877193008,0.0,0.019736842105263053,-0.0026315789473685403,0.1474415096577436,1087400,0.1474415096577436
2015-06-18,-0.009590235396687114,-0.0034873583260680574,0.0026155187445509043,-0.04010462074978216,-0.25791862002148896,119900,-0.25791862002148896
2015-06-19,-0.0008802816901408263,0.0008802816901407606,0.002640845070422726,-0.010563380281690127,-0.03347256934579481,192300,-0.03347256934579481
2015-06-22,0.02731277533039652,-0.0008810572687224516,0.031718061674008924,-0.0017621145374449032,0.6930319010486221,303000,0.6930319010486221
2015-06-23,-0.007718696397941669,-0.006861063464837058,0.0017152658662091813,-0.021440823327615766,-0.2096910919419475,299000,-0.2096910919419475
2015-06-24,0.004321521175453667,0.0025929127052721768,0.012964563526361328,-0.006050129645635338,0.10057224293589605,268200,0.10057224293589605
2015-06-25,0.013769363166953541,-0.002581755593803692,0.0223752151462997,-0.002581755593803692,0.3440328735941701,635000,0.3440328735941701
2015-06-26,-0.0008488964346349565,0.0,0.000848896434634927,-0.005942275042444711,-0.032663805386181285,279200,-0.032663805386181285
2015-06-29,0.0025488530161428325,-0.002548853016142716,0.00679694137638065,-0.005947323704333041,0.05489250904513532,364600,0.05489250904513532
2015-06-30,0.059322033898305024,-0.0016949152542373724,0.0754237288135593,-0.0059322033898305815,1.5178757420927507,2080500,1.5178757420927507
2015-07-01,0.009599999999999937,0.005600000000000049,0.03600000000000003,-0.008799999999999919,0.2365929114331617,329100,0.2365929114331617
2015-07-02,-0.001584786053882692,0.004754358161648264,0.021394611727416857,-0.017432646592709933,-0.05162688192346086,49000,-0.05162688192346086
2015-07-06,0.01587301587301596,0.0,0.01666666666666683,-0.005555555555555536,0.3982417199068778,205600,0.3982417199068778
2015-07-07,0.014843749999999961,0.004687499999999956,0.032031249999999956,0.0015624999999999112,0.3717186558267457,951300,0.3717186558267457
2015-07-08,-0.0015396458814472343,0.0007698229407235857,0.004618937644341736,-0.009237875288683695,-0.050463668688202186,355300,-0.050463668688202186
2015-07-09,-0.012336160370084821,0.0023130300693907646,0.0023130300693907646,-0.016962220508866643,-0.32867812535245916,157700,-0.32867812535245916
2015-07-10,-0.010928961748633923,0.0031225604996096834,0.006245120999219367,-0.016393442622950838,-0.2924161446643697,82600,-0.2924161446643697
2015-07-13,0.006314127861089193,0.0,0.008681925808997626,-0.027624309392265123,0.1519195538641665,189200,0.1519195538641665
2015-07-14,0.0,0.0,0.007843137254901933,-0.01560784313725494,-0.010788665907163554,71700,-0.010788665907163554
2015-07-15,0.003921568627451036,-0.0015686274509804088,0.01098039215686275,-0.0023529411764705577,0.09026589999983348,267700,0.09026589999983348
2015-07-16,-0.007812500000000111,0.0031249999999998224,0.004687499999999956,-0.008593750000000067,-0.2121083089250128,80600,-0.2121083089250128
2015-07-17,-0.007086614173228336,-0.0023622047244094,0.007874015748031704,-0.011023622047244053,-0.19340301925878392,114100,-0.19340301925878392
2015-07-20,-0.00039651070578897743,0.007137192704202988,0.015067406819984308,-0.0023790642347343294,-0.02100631630616317,82800,-0.02100631630616317
2015-07-21,-0.006743355811186105,0.0019833399444664224,0.011503371677905605,-0.00912336374454581,-0.1845576239424033,71100,-0.1845576239424033
2015-07-22,-0.004792332268370505,0.012779552715654896,0.015974440894568787,-0.012779552715655007,-0.13428186545804427,261800,-0.13428186545804427
2015-07-23,-0.007223113964687129,0.004815409309791185,0.004815409309791185,-0.0200642054574639,-0.19692047068771143,215800,-0.19692047068771143
2015-07-24,-0.013742926434923197,0.0024252223120453387,0.0024252223120453387,-0.022635408245755828,-0.3649289595262677,65600,-0.3649289595262677
2015-07-27,-0.028688524590163907,0.0057377049180327155,0.0057377049180327155,-0.031147540983606503,-0.7500607976448282,105600,-0.7500607976448282
2015-07-28,0.0016877637130801328,0.0016877637130801038,0.005063291139240533,-0.0075949367088608,0.032703172584453905,133500,0.032703172584453905
2015-07-29,-0.0033698399326031296,0.0033698399326032025,0.010951979780960519,-0.010951979780960297,-0.09762578235630759,33100,-0.09762578235630759
2015-07-30,0.0033812341504648475,-0.0033812341504649845,0.014370245139475823,-0.005071851225697421,0.07634206716564788,142200,0.07634206716564788
2015-07-31,0.01095197978096047,0.005897219882055715,0.035383319292333626,-0.03032855939342871,0.27143196255256674,122400,0.27143196255256674
2015-08-03,0.0,0.04166666666666674,0.0475000000000001,-0.036666666666666625,-0.010788665907163554,21100,-0.010788665907163554
2015-08-04,0.0,0.0,0.0,0.0,-0.010788665907163554,10200,-0.010788665907163554
2015-08-05,-0.008333333333333304,-0.012500000000000067,0.0,-0.012500000000000067,-0.22552961845953226,15400,-0.22552961845953226
2015-08-06,-0.01680672268907572,0.008403361344537785,0.008403361344537785,-0.021008403361344574,-0.4438796626514394,23000,-0.4438796626514394
2015-08-07,-0.0128205128205127,0.0,0.0,-0.01623931623931618,-0.3411593621415741,44800,-0.3411593621415741
2015-08-10,-0.0190476190476191,-0.006926406926406892,0.0051948051948049745,-0.030303030303030387,-0.5016251288840091,159200,-0.5016251288840091
2015-08-11,-0.023830538393645153,-0.011473962930273696,-0.003530450132391949,-0.027360988526037078,-0.6248757676456236,166000,-0.6248757676456236
2015-08-12,-0.0090415913200723,0.002712477396021651,0.002712477396021651,-0.013562386980108476,-0.2437806578265514,94200,-0.2437806578265514
2015-08-13,-0.010948905109489142,0.008211678832116709,0.00958029197080279,-0.010948905109489093,-0.29293006342122674,41500,-0.29293006342122674
2015-08-14,0.0009225092250922313,0.004981549815498143,0.014760147601476037,-0.005719557195571934,0.012983395260993675,128200,0.012983395260993675
2015-08-17,0.012903225806451665,0.01382488479262678,0.02764976958525356,0.009216589861751112,0.3217134541739255,74200,0.3217134541739255
2015-08-18,-0.08098271155596001,0.0045495905368515555,0.0045495905368515555,-0.09008189262966337,-2.09762522028324,334600,-2.09762522028324
2015-08-19,-0.023762376237623783,0.0,0.014851485148514865,-0.024752475247524774,-0.623119302888178,228800,-0.623119302888178
2015-08-20,-0.021298174442190575,-0.006085192697768638,0.0040567951318459805,-0.03651115618661249,-0.5596194979882688,308700,-0.5596194979882688
2015-08-21,0.009326424870466306,-0.007253886010362698,0.061139896373056946,-0.007253886010362698,0.22954317736388175,127300,0.22954317736388175
2015-08-24,0.013347022587268892,-0.011293634496919891,0.013347022587268942,-0.06663244353182762,0.33314961538821125,227200,0.33314961538821125
2015-08-25,-0.0101317122593718,0.01823708206686936,0.03951367781155013,-0.01317122593718334,-0.27187189089484637,206000,-0.27187189089484637
2015-08-26,0.028659160696008306,0.005117707267144445,0.060388945752303025,0.003070624360286711,0.7277267901583057,72600,0.7277267901583057
2015-08-27,0.01890547263681587,0.008955223880596996,0.018905472636815857,0.0029850746268655914,0.47638483839074763,65700,0.47638483839074763
2015-08-28,-0.0244140625,0.0009765625,0.01171875,-0.03515624999999989,-0.6399125503379335,185500,-0.6399125503379335
2015-08-31,-0.023023023023023066,-0.016016016016015988,0.012012012012011963,-0.025025025025025016,-0.6040669732590561,109800,-0.6040669732590561
2015-09-01,-0.0010245901639344044,0.0,0.019467213114753967,-0.0071721311475410054,-0.03719124204065127,55300,-0.03719124204065127
2015-09-02,-0.01025641025641022,-0.009230769230769265,0.002256410256410213,-0.021538461538461617,-0.2750852228946943,204600,-0.2750852228946943
2015-09-03,0.013471502590673472,0.0010362694300518616,0.02797927461139893,0.0010362694300518616,0.33635732992879014,83600,0.33635732992879014
2015-09-04,0.01329243353783239,-0.009202453987730008,0.026584867075664542,-0.015337423312883236,0.331742914851219,184000,0.331742914851219
2015-09-08,0.03935418768920288,0.003027245206861595,0.05045408678102925,-0.0020181634712411745,1.0033260242493374,260300,1.0033260242493374
2015-09-09,-0.04368932038834961,0.009708737864077666,0.01650485436893212,-0.07378640776699041,-1.1366150190943456,254500,-1.1366150190943456
2015-09-10,0.00812182741116752,-0.004060913705583702,0.04263959390862948,-0.004060913705583702,0.19850200866164616,473100,0.19850200866164616
2015-09-11,0.007049345417925507,0.002014098690835908,0.022155085599194324,0.002014098690835908,0.17086531208275568,103400,0.17086531208275568
2015-09-14,-0.010999999999999944,-0.006000000000000005,0.0,-0.025000000000000022,-0.29424672327628865,101000,-0.29424672327628865
2015-09-15,0.023255813953488233,0.0010111223458038054,0.046511627906976605,0.0010111223458038054,0.5884884109831652,196600,0.5884884109831652
2015-09-16,-0.012845849802371445,0.0039525691699606735,0.006916996047430901,-0.015810276679841695,-0.3418122686558735,183800,-0.3418122686558735
2015-09-17,0.014014014014014071,-0.004004004004004136,0.027027027027026973,-0.005005005005005114,0.3503372603070346,158800,0.3503372603070346
2015-09-18,-0.01283316880552821,-0.008884501480750373,0.011846001974333609,-0.029615004935834244,-0.34148549313490123,903600,-0.34148549313490123
2015-09-21,0.022000000000000065,-0.0020000000000000018,0.03499999999999992,-0.0020000000000000018,0.5561274488310923,136600,0.5561274488310923
2015-09-22,0.0039138943248531455,-0.007827788649706457,0.013698630136986134,-0.011741682974559797,0.09006814155382903,127700,0.09006814155382903
2015-09-23,-0.015594541910331399,0.0,0.00877192982456143,-0.02826510721247555,-0.4126430800402526,101000,-0.4126430800402526
2015-09-24,-0.04455445544554448,-0.004950495049504844,-0.004950495049504844,-0.04851485148514856,-1.1589086102465627,193800,-1.1589086102465627
2015-09-25,-0.03316062176165806,0.002072538860103501,0.021761658031087983,-0.0528497409326425,-0.8653018864264365,563500,-0.8653018864264365
2015-09-28,-0.14683815648445875,0.002143622722400762,0.012861736334405016,-0.14790996784565913,-3.7946485372479506,446700,-3.7946485372479506
2015-09-29,-0.04020100502512566,0.005025125628140614,0.005025125628140614,-0.10427135678391963,-1.0467249194261334,559400,-1.0467249194261334
2015-09-30,0.03926701570680638,0.005235602094240788,0.060209424083769614,-0.035340314136125595,1.0010796969050533,386100,1.0010796969050533
2015-10-01,0.03652392947103275,0.007556675062972307,0.05163727959697728,-0.017632241813602123,0.9303933427606502,149600,0.9303933427606502
2015-10-02,0.017010935601457933,-0.010935601458080146,0.053462940461725283,-0.010935601458080146,0.42756467587652475,193400,0.42756467587652475
2015-10-05,0.04778972520908009,0.005973715651135025,0.0669056152927121,0.005973715651135025,1.2207006677265004,119200,1.2207006677265004
2015-10-06,-0.03078677309007977,-0.005701254275940593,-0.0011402508551880963,-0.05245153933865443,-0.804130383432451,116000,-0.804130383432451
2015-10-07,-0.012941176470588168,0.004705882352941115,0.004705882352941115,-0.043529411764705817,-0.34426873340025205,183000,-0.34426873340025205
2015-10-08,-0.0035756853396902424,-0.00476758045292025,0.0,-0.028605482717520836,-0.1029301950118779,262100,-0.1029301950118779
2015-10-09,-0.004784688995215209,0.0071770334928229484,0.01674641148325362,-0.019138755980861233,-0.13408490660708638,207800,-0.13408490660708638
2015-10-12,-0.0024038461538461024,-0.0024038461538461453,0.009615384615384581,-0.019230769230769273,-0.07273317145111606,61800,-0.07273317145111606
2015-10-13,-0.018072289156626547,-0.006024096385542244,0.018072289156626287,-0.022891566265060392,-0.47649193650266364,35800,-0.47649193650266364
2015-10-14,-0.004907975460122812,0.0024539877300613355,0.01595092024539868,-0.020858895705521463,-0.13726186495641396,197000,-0.13726186495641396
2015-10-15,-0.004932182490752053,0.007398273736128225,0.011097410604192337,-0.014796547472256338,-0.13788565385430793,210300,-0.13788565385430793
2015-10-16,-0.019826517967781926,-0.0024783147459727095,0.037174721189590976,-0.030978934324659257,-0.521696508410942,160400,-0.521696508410942
2015-10-19,0.015170670037926576,-0.0012642225031604948,0.02149178255372952,-0.01668773704171944,0.3801430302690824,66200,0.3801430302690824
2015-10-20,-0.0024906600249065473,-0.0037359900373598043,0.0037359900373601374,-0.016189290161892744,-0.07497027065506713,55600,-0.07497027065506713
2015-10-21,-0.00249687890137323,0.0024968789013732895,0.008739076154806513,-0.009987515605493158,-0.07513052434981836,70200,-0.07513052434981836
2015-10-22,-0.025031289111389257,0.0025031289111387967,0.020025031289111483,-0.03754693366708384,-0.6558178099943826,82000,-0.6558178099943826
2015-10-23,0.02053915275994867,0.007702182284980763,0.024390243902439046,0.007702182284980763,0.5184830014876398,26600,0.5184830014876398
2015-10-26,-0.02012578616352203,0.0,0.030188679245283012,-0.03270440251572326,-0.5294083249015651,99700,-0.5294083249015651
2015-10-27,-0.0500641848523748,-0.0012836970474967568,-0.0012836970474967568,-0.07188703465982027,-1.3008883551819892,371500,-1.3008883551819892
2015-10-28,-0.05810810810810819,0.002702702702702675,0.002702702702702675,-0.0662162162162162,-1.5081715242453093,270500,-1.5081715242453093
2015-10-29,-0.021520803443328476,0.0057388809182210565,0.0373027259684362,-0.043041606886657036,-0.565356405640685,220600,-0.565356405640685
2015-10-30,0.03665689149560117,0.0029325513196480912,0.045454545454545414,0.0,0.9338196297777452,327000,0.9338196297777452
2015-11-02,-0.002828854314002894,0.004243281471004057,0.022630834512022746,-0.012729844413012725,-0.08368517030966773,269400,-0.08368517030966773
2015-11-03,0.014184397163120643,-0.004255319148936176,0.02411347517730489,-0.005673758865248235,0.35472784907559346,157000,0.35472784907559346
2015-11-04,0.016783216783216672,-0.002797202797202858,0.023776223776223793,-0.006993006993007089,0.42169660916334073,186600,0.42169660916334073
2015-11-05,-0.006877579092159536,0.004126547455295837,0.00687757909215958,-0.015130674002750921,-0.18801641216771658,101500,-0.18801641216771658
2015-11-06,-0.005540166204986155,0.0013850415512466352,0.0013850415512466352,-0.027700831024930817,-0.15355273408602563,97300,-0.15355273408602563
2015-11-09,0.019498607242339913,0.0,0.027855153203342642,-0.01671309192200554,0.4916692732125906,95800,0.4916692732125906
2015-11-10,-0.005464480874316944,-0.004098360655737765,0.0191256830601092,-0.009562841530054711,-0.15160240528576663,182100,-0.15160240528576663
2015-11-11,0.016483516483516498,0.0,0.024725274725274637,-0.006868131868131844,0.41397365782279655,109800,0.41397365782279655
2015-11-12,-0.02162162162162164,-0.004054054054054124,-0.0013513513513514486,-0.02297297297297296,-0.5679543806376357,111200,-0.5679543806376357
2015-11-13,-0.03176795580110503,0.0027624309392264568,0.0027624309392264568,-0.04281767955801108,-0.8294143966316674,94300,-0.8294143966316674
2015-11-16,0.0213980028530671,-0.0014265335235377208,0.024251069900142586,-0.00998573466476449,0.5406146359391514,114100,0.5406146359391514
2015-11-17,-0.28072625698324016,-0.0013966480446927498,-0.0013966480446927498,-0.356145251396648,-7.244799525632234,2071700,-7.244799525632234
2015-11-18,0.09514563106796103,0.003883495145631022,0.19611650485436893,0.003883495145631022,2.441010947700469,473900,2.441010947700469
2015-11-19,-0.044326241134751775,0.03014184397163122,0.054964539007092306,-0.05673758865248213,-1.1530277752282787,252100,-1.1530277752282787
2015-11-20,0.06122448979591839,-0.0037105751391465214,0.09090909090909105,-0.012059369202226278,1.5668999650898383,316200,1.5668999650898383
2015-11-23,-0.001748251748251711,-0.005244755244755095,0.020979020979021046,-0.02447552447552437,-0.055839215393672384,176400,-0.055839215393672384
2015-11-24,0.001751313485113798,0.049036777583187474,0.049036777583187474,-0.015761821366024442,0.03434078121417164,312900,0.03434078121417164
2015-11-25,0.024475524475524577,0.00874125874125875,0.03846153846153855,-0.01748251748251739,0.6199190269039945,559200,0.6199190269039945
2015-11-27,0.03412969283276438,0.011945392491467421,0.05119453924914663,-0.010238907849829393,0.8686964640001476,102900,0.8686964640001476
2015-11-30,0.06435643564356446,0.00990099009900991,0.0726072607260726,0.0066006600660066805,1.6476068092497507,363500,1.6476068092497507
2015-12-01,-0.009302325581395425,0.0,0.04341085271317824,-0.041860465116279166,-0.25049949666329907,392600,-0.25049949666329907
2015-12-02,-0.006259780907668238,0.017214397496087663,0.04225352112676073,-0.015649452269170472,-0.17209642369298045,263300,-0.17209642369298045
2015-12-03,-0.042519685039370016,-0.0015748031496062298,0.0047244094488190225,-0.05039370078740146,-1.1064747860168886,172000,-1.1064747860168886
2015-12-04,-0.00986842105263166,-0.00328947368421062,0.019736842105263275,-0.023026315789473673,-0.2650871623507605,98100,-0.2650871623507605
2015-12-07,-0.024916943521594598,-0.006644518272425071,0.01661129568106312,-0.06146179401993346,-0.6528712482896606,264000,-0.6528712482896606
2015-12-08,0.008517887563884127,-0.0017035775127768327,0.022146507666098714,-0.022146507666098825,0.20870804879712962,141000,0.20870804879712962
2015-12-09,0.013513513513513526,-0.0033783783783782884,0.028716216216216228,-0.009121621621621667,0.33743990579938365,465100,0.33743990579938365
2015-12-10,0.011666666666666714,-0.0050000000000000044,0.030000000000000027,-0.008333333333333304,0.2898486676661549,100700,0.2898486676661549
2015-12-11,-0.026359143327841866,-0.008237232289950658,-0.00658978583196046,-0.049423393739703614,-0.6900351715093864,204200,-0.6900351715093864
2015-12-14,-0.06429780033840946,-0.0016920473773265332,0.0160744500846024,-0.07106598984771573,-1.6676731729102174,90400,-1.6676731729102174
2015-12-15,-0.0036166365280290162,0.009041591320072317,0.012658227848101111,-0.047016274864376206,-0.10398546267492097,281100,-0.10398546267492097
2015-12-16,-0.001814882032667838,0.001814882032667775,0.02722323049001818,-0.038112522686025385,-0.05755620548299743,327300,-0.05755620548299743
2015-12-17,0.00909090909090906,0.0,0.050909090909091015,-0.038181818181818206,0.22347419142269268,219600,0.22347419142269268
2015-12-18,-0.02702702702702693,-0.018018018018017945,0.04504504504504503,-0.03423423423423411,-0.7072458093202523,289600,-0.7072458093202523
2015-12-21,0.01851851851851845,0.0037037037037035425,0.04999999999999982,-0.007407407407407418,0.4664134508758761,106200,0.4664134508758761
2015-12-22,0.07090909090909085,-0.0018181818181818299,0.08000000000000007,-0.00545454545454549,1.8164616212657232,99000,1.8164616212657232
2015-12-23,0.044142614601018794,0.0016977928692700761,0.05772495755517837,-0.008488964346349714,1.1267185870018275,81000,1.1267185870018275
2015-12-24,0.04552845528455274,0.008130081300812941,0.052032520325203224,-0.006504065040650375,1.1624301968179742,55700,1.1624301968179742
2015-12-28,-0.010886469673405817,-0.004665629860031051,-0.004665629860031051,-0.07153965785381022,-0.29132117001912045,104100,-0.29132117001912045
2015-12-29,0.0031446540880502474,-0.02515723270440251,0.037735849056603765,-0.04874213836477992,0.07024565581070884,72400,0.07024565581070884
2015-12-30,-0.006269592476489034,0.0015673981191222097,0.021943573667711602,-0.09247648902821315,-0.17234925716913516,125000,-0.17234925716913516
2015-12-31,-0.0015772870662460231,0.0,0.001577287066246047,-0.01577287066246047,-0.05143364115366856,118300,-0.05143364115366856
2016-01-04,-0.007898894154818297,-0.018957345971563955,0.0031595576619272148,-0.04423380726698267,-0.21433459249708553,52000,-0.21433459249708553
2016-01-05,0.0031847133757961104,0.0,0.013535031847133672,-0.019108280254777066,0.07127794016380279,54100,0.07127794016380279
2016-01-06,-0.04603174603174604,-0.015873015873015817,-0.007936507936507908,-0.05555555555555547,-1.1969767847678725,81300,-1.1969767847678725
2016-01-07,-0.014975041597337747,0.008319467554076532,0.008319467554076532,-0.021630615640598982,-0.3966792295620035,93200,-0.3966792295620035
2016-01-08,0.023648648648648594,0.006756756756756799,0.04054054054054057,-0.016891891891891886,0.5986113345792913,32500,0.5986113345792913
2016-01-11,-0.03960396039603949,-0.0016501650165016146,0.011551155115511635,-0.04290429042904287,-1.0313397275421847,165200,-1.0313397275421847
2016-01-12,-0.010309278350515549,0.006013745704467333,0.02405498281786933,-0.024054982817869552,-0.2764475762812308,99900,-0.2764475762812308
2016-01-13,0.03993055555555563,0.005208333333333481,0.05208333333333326,0.005208333333333481,1.0181783984062742,172700,1.0181783984062742
2016-01-14,0.0016694490818029693,0.005008347245408995,0.03505843071786319,-0.0233722871452422,0.03223122442052298,120100,0.03223122442052298
2016-01-15,0.0,-0.008333333333333304,0.022499999999999964,-0.036666666666666625,-0.010788665907163554,102200,-0.010788665907163554
2016-01-19,-0.009999999999999934,0.006666666666666599,0.007500000000000062,-0.06666666666666676,-0.2684778089700043,88900,-0.2684778089700043
2016-01-20,-0.035353535353535345,-0.006734006734006703,-0.0033670033670034627,-0.06397306397306413,-0.9218108888566099,320800,-0.9218108888566099
2016-01-21,-0.0034904013961606388,0.0,0.017452006980802626,-0.013961605584642212,-0.10073252037936219,70100,-0.10073252037936219
2016-01-22,0.007005253940455348,0.017513134851138368,0.03239929947460585,-0.02626970227670755,0.16972912257818867,211600,0.16972912257818867
2016-01-25,-0.017391304347826025,0.0,0.018260869565217552,-0.040000000000000036,-0.45894369732080154,65500,-0.45894369732080154
2016-01-26,0.012389380530973344,0.001769911504424737,0.030088495575221197,-0.008849557522124019,0.30847221930343705,107200,0.30847221930343705
2016-01-27,-0.012237762237762132,-0.0017482517482516613,0.020979020979021046,-0.019230769230769162,-0.3261425123127397,45500,-0.3261425123127397
2016-01-28,-0.061946902654867346,0.005309734513274211,0.015929203539823078,-0.07079646017699126,-1.607093091960178,497300,-1.607093091960178
2016-01-29,0.03584905660377366,-0.0018867924528301883,0.062264150943396324,-0.024528301886792447,0.9130026016766172,197300,0.9130026016766172
2016-02-01,-0.023679417122040053,0.0,0.016393442622950838,-0.03642987249544627,-0.620981536547775,60500,-0.620981536547775
2016-02-02,0.005597014925373014,-0.003731343283582156,0.04850746268656714,-0.022388059701492602,0.133440332075768,168200,0.133440332075768
2016-02-03,-0.029684601113172403,0.0037105751391466324,0.016697588126159735,-0.1001855287569573,-0.7757286082087356,338700,-0.7757286082087356
2016-02-04,0.051625239005736054,0.0,0.07074569789674934,-0.005736137667304075,1.319537694073098,56700,1.319537694073098
2016-02-05,-0.05818181818181823,0.0018181818181817189,0.0018181818181817189,-0.0763636363636363,-1.5100709528182532,87900,-1.5100709528182532
2016-02-08,-0.025096525096525078,-0.015444015444015413,0.009266409266409203,-0.03861003861003842,-0.6574988705050316,78700,-0.6574988705050316
2016-02-09,-0.12673267326732668,-0.015841584158415856,-0.00990099009900991,-0.15841584158415833,-3.276552063139235,111100,-3.276552063139235
2016-02-10,-0.02040816326530609,0.013605442176870763,0.04761904761904767,-0.02267573696145142,-0.5366848762394947,63900,-0.5366848762394947
2016-02-11,0.05092592592592587,-0.006944444444444531,0.07407407407407396,-0.02314814814814825,1.3015171552462026,140800,1.3015171552462026
2016-02-12,0.011013215859030798,0.052863436123347984,0.09691629955947145,0.006607929515418665,0.27300994980081306,158200,0.27300994980081306
2016-02-16,0.0021786492374727207,0.017429193899782147,0.04357298474945548,-0.028322440087145906,0.04535275959672178,126900,0.04535275959672178
2016-02-17,0.002173913043478408,0.0021739130434783593,0.026086956521739202,-0.015217391304347738,0.04523071301954407,147500,0.04523071301954407
2016-02-18,-0.00216919739696327,-0.004338394793926392,0.045553145336225676,-0.021691973969631295,-0.06668652774292606,101800,-0.06668652774292606
2016-02-19,-0.017391304347826105,0.0,0.03673913043478261,-0.019565217391304346,-0.4589436973208044,277300,-0.4589436973208044
2016-02-22,0.011061946902655025,0.013274336283185972,0.030973451327433787,-0.011061946902654829,0.274265695888019,184600,0.274265695888019
2016-02-23,-0.013129102844639058,0.002188183807439792,0.002188183807439792,-0.035010940919037226,-0.34911139202906205,173800,-0.34911139202906205
2016-02-24,-0.04434589800443463,-0.024390243902438935,0.008869179600886845,-0.055432372505543226,-1.153534311418666,338700,-1.153534311418666
2016-02-25,0.011600928074246106,0.0,0.05568445475638062,-0.023201856148491795,0.28815465551145425,119000,0.28815465551145425
2016-02-26,0.03440366972477052,-0.002293577981651529,0.05504587155963292,-0.01146788990825709,0.8757565510521561,70700,0.8757565510521561
2016-02-29,0.0842572062084257,0.004434589800443645,0.09756097560975618,0.004434589800443645,2.1604280605646866,436000,2.1604280605646866
2016-03-01,-0.002044989775051081,0.010224948875255713,0.0122699386503069,-0.026584867075664653,-0.0634858321776824,45100,-0.0634858321776824
2016-03-02,-0.018442622950819644,0.004098360655737876,0.018442622950819665,-0.030737704918032627,-0.4860350363099482,57300,-0.4860350363099482
2016-03-03,0.04384133611691022,0.006263048016701411,0.050104384133611735,-0.018789144050104345,1.118954967562507,92100,1.118954967562507
2016-03-04,0.0,0.0020000000000000018,0.040000000000000036,-0.018000000000000016,-0.010788665907163554,158900,-0.010788665907163554
2016-03-07,0.014000000000000058,-0.008000000000000007,0.04600000000000004,-0.019999999999999907,0.3499761343808174,66000,0.3499761343808174
2016-03-08,-0.013806706114398477,-0.007889546351084853,0.03155818540433919,-0.02859960552268248,-0.3665724926211503,98100,-0.3665724926211503
2016-03-09,0.04800000000000004,0.010000000000000009,0.05800000000000005,-0.006000000000000005,1.2261192207944858,69400,1.2261192207944858
2016-03-10,-0.013358778625954252,0.00190839694656475,0.02099236641221358,-0.026717557251908497,-0.3550298875560014,72700,-0.3550298875560014
2016-03-11,0.0,0.3268858800773695,0.3268858800773695,-0.04061895551257255,-0.010788665907163554,609500,-0.010788665907163554
2016-03-14,0.029013539651837592,-0.015473887814313358,0.043520309477756314,-0.015473887814313358,0.7368587511030227,166900,0.7368587511030227
2016-03-15,0.06578947368421045,-0.011278195488721887,0.06766917293233066,-0.03571428571428581,1.6845346437168025,105700,1.6845346437168025
2016-03-16,0.0035273368606702753,-0.005291005291005346,0.04761904761904767,-0.005291005291005346,0.08010697538484754,266100,0.08010697538484754
2016-03-17,0.022847100175746905,0.0,0.03163444639718804,-0.038664323374341114,0.5779563006687514,86300,0.5779563006687514
2016-03-18,0.03092783505154634,-0.0068728522336769515,0.030927835051546282,-0.0068728522336769515,0.7861880652150296,156200,0.7861880652150296
2016-03-21,0.008333333333333304,0.0033333333333331883,0.03499999999999992,-0.023333333333333317,0.20395228664520512,80500,0.20395228664520512
2016-03-22,0.04132231404958678,0.0016528925619834212,0.04297520661157028,-0.034710743801652844,1.0540425037740095,159300,1.0540425037740095
2016-03-23,0.073015873015873,-0.00952380952380949,0.07428571428571429,-0.04920634920634914,1.870751108837406,391700,1.870751108837406
2016-03-24,-0.03846153846153843,-0.0014792899408283544,0.028106508875739733,-0.053254437869822424,-1.0019007546104066,174200,-1.0019007546104066
2016-03-28,0.009230769230769171,0.006153846153846176,0.0476923076923077,-0.023076923076923106,0.22707823538161293,84600,0.22707823538161293
2016-03-29,-0.010670731707316982,-0.007621951219512146,0.0,-0.03353658536585358,-0.2857618368583672,84900,-0.2857618368583672
2016-03-30,0.0015408320493065927,0.0,0.012018489984591652,-0.01001540832049308,0.028916903131796297,298300,0.028916903131796297
2016-03-31,-0.01538461538461533,0.0,0.010769230769230864,-0.0461538461538461,-0.4072335013884596,162300,-0.4072335013884596
2016-04-01,-0.04687500000000011,-0.009375000000000022,-0.0015625000000001332,-0.05937500000000007,-1.2187065240142445,112700,-1.2187065240142445
2016-04-04,-0.013114754098360668,-0.008196721311475419,0.02786885245901649,-0.016393442622950727,-0.3487416404158121,150600,-0.3487416404158121
2016-04-05,0.029900332225913723,-0.0033222591362125353,0.03488372093023262,-0.0033222591362125353,0.7597104329518387,52400,0.7597104329518387
2016-04-06,0.03225806451612906,-0.006451612903225823,0.032258064516129004,-0.011290322580645218,0.8204666342955562,59200,0.8204666342955562
2016-04-07,-0.0390625,-0.010937500000000044,-0.007812500000000111,-0.051562499999999956,-1.0173868809963953,70300,-1.0173868809963953
2016-04-08,0.01951219512195109,-0.003252032520325243,0.04065040650406493,-0.016260162601626105,0.4920194181178914,68900,0.4920194181178914
2016-04-11,0.0031897926634769477,-0.004784688995215225,0.046251993620414655,-0.004784688995215225,0.07140882789278882,98000,0.07140882789278882
2016-04-12,0.03338632750397456,0.04133545310015885,0.042925278219395846,0.006359300476947549,0.8495407465442997,50100,0.8495407465442997
2016-04-13,0.0,0.003076923076922977,0.010769230769230864,-0.023076923076923106,-0.010788665907163554,77100,-0.010788665907163554
2016-04-14,0.004615384615384654,0.007692307692307665,0.01538461538461533,-0.027692307692307683,0.10814478473722755,58900,0.10814478473722755
2016-04-15,-0.01071975497702914,-0.0015313935681471325,0.04441041347626351,-0.026033690658499253,-0.28702511329459274,64200,-0.28702511329459274
2016-04-18,0.0030959752321982137,-0.009287925696594312,0.015479876160990669,-0.02941176470588236,0.06899125454573005,67600,0.06899125454573005
2016-04-19,0.02777777777777773,0.0030864197530864335,0.033950617283950546,0.0030864197530864335,0.7050145092673988,38600,0.7050145092673988
2016-04-20,-0.024024024024024045,-0.0015015015015015232,-0.0015015015015015232,-0.03453453453453459,-0.6298616822743551,52800,-0.6298616822743551
2016-04-21,0.0,-0.006153846153846176,0.01538461538461533,-0.026153846153846194,-0.010788665907163554,102600,-0.010788665907163554
2016-04-22,-0.01692307692307697,0.003076923076922977,0.03461538461538449,-0.026153846153846194,-0.4468779849365909,94300,-0.4468779849365909
2016-04-25,0.0,0.006259780907668322,0.012519561815336422,-0.021909233176838794,-0.010788665907163554,119400,-0.010788665907163554
2016-04-26,-0.015649452269170524,0.0015649452269170805,0.032863849765258246,-0.018779342723004744,-0.41405806037170434,88900,-0.41405806037170434
2016-04-27,0.0,0.0,0.02861685214626397,-0.02861685214626386,-0.010788665907163554,131400,-0.010788665907163554
2016-04-28,-0.00158982511923685,-0.044515103338632844,0.0,-0.044515103338632844,-0.05175673316675718,120300,-0.05175673316675718
2016-04-29,-0.007961783439490418,-0.009554140127388644,0.01273885350318471,-0.03343949044585992,-0.21595518108458514,179600,-0.21595518108458514
2016-05-02,-0.027287319422151013,0.008025682182985605,0.024077046548956593,-0.0321027287319422,-0.7139532617447811,85700,-0.7139532617447811
2016-05-03,-0.024752475247524667,-0.009900990099009799,-0.0066006600660065695,-0.03135313531353123,-0.6486330794290507,89000,-0.6486330794290507
2016-05-04,0.003384094754653058,-0.010152284263959421,0.016920473773265554,-0.04230118443316411,0.07641578182983763,83200,0.07641578182983763
2016-05-05,-0.015177065767284968,0.008431703204047292,0.013490725126475533,-0.030354131534569895,-0.4018851730851709,82900,-0.4018851730851709
2016-05-06,0.005136986301369906,-0.006849315068493178,0.010273972602739878,-0.03184931506849309,0.12158589388539492,81800,0.12158589388539492
2016-05-09,-0.05792163543441224,-0.010221465076661107,0.0017035775127767216,-0.0681431005110733,-1.5033663258963739,86600,-1.5033663258963739
2016-05-10,-0.0036166365280290162,-0.07233273056057876,0.03435804701627476,-0.09584086799276681,-0.10398546267492097,112700,-0.10398546267492097
2016-05-11,0.0,-0.029038112522686066,0.07894736842105265,-0.029038112522686066,-0.010788665907163554,82100,-0.010788665907163554
2016-05-12,-0.03085299455535389,0.030852994555353952,0.030852994555353952,-0.03266787658802173,-0.8058368386963338,600000,-0.8058368386963338
2016-05-13,-0.048689138576778986,-0.0074906367041198685,0.0,-0.054307116104868935,-1.2654549055389852,78500,-1.2654549055389852
2016-05-16,-0.009842519685039335,-0.0019685039370078705,0.0167322834645669,-0.03543307086614167,-0.26441971222885935,115400,-0.26441971222885935
2016-05-17,-0.04771371769383702,0.005964214711729587,0.005964214711729587,-0.05964214711729621,-1.2403193683938927,161500,-1.2403193683938927
2016-05-18,-0.03340292275574116,-0.0041753653444677186,0.03131524008350728,-0.050104384133611735,-0.8715457199792933,161100,-0.8715457199792933
2016-05-19,-0.028077753779697602,-0.028077753779697567,0.012958963282937441,-0.057235421166306644,-0.7343218969691413,398000,-0.7343218969691413
2016-05-20,0.0777777777777777,-0.004444444444444362,0.11333333333333329,-0.004444444444444362,1.9934602245816166,130300,1.9934602245816166
2016-05-23,0.057731958762886657,0.004123711340206171,0.057731958762886615,-0.016494845360824795,1.4769012321876027,189500,1.4769012321876027
2016-05-24,-0.02534113060428848,0.003898635477582957,0.005847953216374213,-0.04483430799220267,-0.6638020888734317,118600,-0.6638020888734317
2016-05-25,-0.003999999999999915,0.010000000000000009,0.02200000000000002,-0.018000000000000016,-0.11386432313229812,74300,-0.11386432313229812
2016-05-26,-0.008032128514056231,0.008032128514056103,0.03714859437751006,-0.025100401606425682,-0.21776789728294108,174200,-0.21776789728294108
2016-05-27,0.002024291497975665,0.0,0.0161943319838056,-0.02429149797570851,0.04137512823510863,113300,0.04137512823510863
2016-05-31,0.014141414141414019,-0.0040404040404041774,0.06060606060606055,-0.008080808080808133,0.35362022327261156,101700,0.35362022327261156
2016-06-01,-0.003984063745019836,-0.007968127490039723,0.015936254980079667,-0.019920318725099584,-0.11345366314335317,60400,-0.11345366314335317
2016-06-02,0.011999999999999922,0.0040000000000000036,0.018000000000000016,0.0,0.2984383057682487,43200,0.2984383057682487
2016-06-03,-0.003952569169960391,0.0039525691699606735,0.0039525691699606735,-0.019762845849802257,-0.11264208213753298,167700,-0.11264208213753298
2016-06-06,0.04563492063492054,0.005952380952380931,0.051587301587301626,-0.003968253968254065,1.1651736933081889,100600,1.1651736933081889
2016-06-07,0.0189753320683113,0.00379506641366234,0.041745730550284854,-0.007590132827324347,0.47818504009443835,122800,0.47818504009443835
2016-06-08,0.011173184357541827,0.005586592178770999,0.01862197392923637,-0.003724394785847407,0.2771321643306471,57400,0.2771321643306471
2016-06-09,0.005524861878453084,0.0036832412523020164,0.012891344383057168,-0.027624309392265123,0.1315810263927524,237300,0.1315810263927524
2016-06-10,-0.009157509157509125,-0.016483516483516425,0.009157509157509125,-0.02930402930402931,-0.24676773464603027,131100,-0.24676773464603027
2016-06-13,-0.0388170055452865,-0.011090573012939142,0.03974121996303137,-0.05175600739371544,-1.0110607554302167,401800,-1.0110607554302167
2016-06-14,-0.005769230769230817,-0.007692307692307665,0.02115384615384608,-0.013461538461538525,-0.15945547921265243,132400,-0.15945547921265243
2016-06-15,0.003868471953578426,0.003868471953578423,0.01547388781431347,0.0,0.08889765636086318,58600,0.08889765636086318
2016-06-16,-0.01734104046242789,-0.0019267822736032114,0.01156069364161838,-0.032755298651252596,-0.45764845156527745,108300,-0.45764845156527745
2016-06-17,-0.009803921568627416,0.0,0.00588235294117645,-0.025490196078431393,-0.26342508067465614,170000,-0.26342508067465614
2016-06-20,-0.00594059405940599,-0.014851485148514865,0.027722772277227747,-0.03366336633663369,-0.16387132515241717,76400,-0.16387132515241717
2016-06-21,-0.009960159362549766,0.005976095617529875,0.005976095617529875,-0.02191235059760943,-0.26745115899764477,99000,-0.26745115899764477
2016-06-22,-0.004024144869215206,0.03822937625754541,0.04627766599597605,-0.030181086519114553,-0.11448651019804401,113300,-0.11448651019804401
2016-06-23,0.008080808080808088,0.002020202020202033,0.03434343434343434,-0.024242424242424288,0.1974449850527112,181700,0.1974449850527112
2016-06-24,-0.05210420841683362,-0.020040080160320772,0.008016032064128265,-0.06412825651302612,-1.3534575475973278,2072700,-1.3534575475973278
2016-06-27,-0.01902748414376337,-0.0021141649048627142,0.02114164904862581,-0.06976744186046513,-0.5011062742719844,210700,-0.5011062742719844
2016-06-28,0.09051724137931033,0.012931034482758674,0.10775862068965525,0.010775862068965747,2.3217423704375375,142300,2.3217423704375375
2016-06-29,0.009881422924901326,0.013833992094861802,0.035573122529644285,0.0,0.24384487466877286,139200,0.24384487466877286
2016-06-30,0.03913894324853215,-0.009784735812133238,0.041095890410958846,-0.009784735812133238,0.9977794087027851,89800,0.9977794087027851
2016-07-01,0.026365348399246813,-0.0037664783427494575,0.048964218455743946,-0.024482109227871973,0.6686177376483571,140200,0.6686177376483571
2016-07-05,-0.011009174311926696,0.0,0.016513761467889854,-0.03302752293577993,-0.29448313533414994,132200,-0.29448313533414994
2016-07-06,0.0074211502782931425,0.0018552875695734272,0.04638218923933213,-0.02597402597402587,0.18044631966822802,141900,0.18044631966822802
2016-07-07,0.007366482504604059,0.0036832412523020164,0.0423572744014733,-0.011049723756906049,0.17903759049272058,197700,0.17903759049272058
2016-07-08,0.08043875685557594,0.010968921389396868,0.09323583180987205,-0.018281535648994485,2.062030766408216,255700,2.062030766408216
2016-07-11,0.010152284263959324,0.0033840947546530664,0.015228426395939021,-0.0016920473773265332,0.25082467730384567,106600,0.25082467730384567
2016-07-12,0.006700167504187611,0.003350083752093891,0.021775544388609624,-0.00335008375209378,0.16186737634599666,85400,0.16186737634599666
2016-07-13,-0.014975041597337747,0.0,0.008319467554076532,-0.08652246256239593,-0.3966792295620035,88600,-0.3966792295620035
2016-07-14,-0.03040540540540536,-0.0016891891891891442,0.01013513513513531,-0.03716216216216217,-0.7943029522468891,53400,-0.7943029522468891
2016-07-15,-0.02613240418118473,0.008710801393728262,0.008710801393728262,-0.054006968641115094,-0.6841923498692979,125000,-0.6841923498692979
2016-07-18,0.030411449016100166,-0.003577817531305816,0.04830053667262968,-0.02146690518783545,0.7728813577186593,87700,0.7728813577186593
2016-07-19,-0.013888888888888902,-0.0017361111111110494,0.015625,-0.04340277777777779,-0.3686902534944476,34500,-0.3686902534944476
2016-07-20,-0.0035211267605633053,0.0017605633802817433,0.03169014084507049,-0.028169014084507116,-0.10152427966168288,83000,-0.10152427966168288
2016-07-21,0.008833922261484068,0.0017667844522968323,0.0176678445229681,-0.017667844522968323,0.21685191983739932,106200,0.21685191983739932
2016-07-22,-0.008756567425569146,0.0017513134851137035,0.0017513134851137035,-0.02276707530647981,-0.2364359015138567,41500,-0.2364359015138567
2016-07-25,-0.008833922261484068,-0.035335689045936425,0.0,-0.035335689045936425,-0.2384292516517236,65700,-0.2384292516517236
2016-07-26,0.05169340463458111,-0.0035650623885918886,0.051693404634581164,-0.05525846702317294,1.32129424832144,51400,1.32129424832144
2016-07-27,0.10338983050847447,0.0,0.11186440677966081,-0.016949152542372947,2.653455016606975,132900,2.653455016606975
2016-07-28,-0.015360983102918533,-0.007680491551459223,0.03379416282642089,-0.016897081413210335,-0.4066245231465535,291100,-0.4066245231465535
2016-07-29,0.006240249609984405,-0.01092043681747279,0.02152886115444619,-0.02948517940717632,0.15001579154235084,182500,0.15001579154235084
2016-08-01,-0.03875968992248062,0.0,0.0,-0.05581395348837215,-1.0095837940577181,364400,-1.0095837940577181
2016-08-02,-0.04838709677419352,-0.006451612903225823,0.012903225806451646,-0.05161290322580647,-1.2576716162112431,80700,-1.2576716162112431
2016-08-03,0.035593220338983045,0.0016949152542371504,0.055932203389830626,-0.0016949152542373724,0.9064099788927873,82300,0.9064099788927873
2016-08-04,-0.021276595744680833,-0.0016366612111293755,0.004909983633387682,-0.02782324058919805,-0.5590634383812991,35100,-0.5590634383812991
2016-08-05,0.033444816053511586,0.0033444816053511683,0.038461538461538325,-0.018394648829431537,0.8510479329652217,70400,0.8510479329652217
2016-08-08,-0.00647249190938512,-0.003236245954692518,0.025889967637540368,-0.009708737864077555,-0.17757775526822808,355300,-0.17757775526822808
2016-08-09,-0.008143322475570003,-0.055374592833876246,-0.0016286644951140072,-0.055374592833876246,-0.22063324494856704,111800,-0.22063324494856704
2016-08-10,-0.021346469622331676,0.0049261083743843415,0.008210180623973606,-0.039408866995073955,-0.56086401234673,91300,-0.56086401234673
2016-08-11,0.011744966442953067,0.0,0.01845637583892623,-0.008389261744966459,0.2918663678914768,813200,0.2918663678914768
2016-08-12,-0.03814262023217254,0.0033167495854062867,0.0033167495854062867,-0.05472636815920395,-0.9936825780871643,241400,-0.9936825780871643
2016-08-15,0.03275862068965524,-0.0017241379310344307,0.037931034482758585,-0.008620689655172376,0.8333654234366368,444500,0.8333654234366368
2016-08-16,-0.03171953255425716,-0.0016694490818029983,-0.0016694490818029983,-0.035058430717863076,-0.8281665821332134,133800,-0.8281665821332134
2016-08-17,0.008620689655172384,0.0,0.017241379310344973,-0.008620689655172376,0.21135714707804523,82500,0.21135714707804523
2016-08-18,0.025641025641025703,-0.005128205128204999,0.027350427350427475,-0.005128205128204999,0.6499527265616689,240600,0.6499527265616689
2016-08-19,-0.0033333333333332624,-0.0016666666666665941,0.008333333333333304,-0.03166666666666673,-0.09668504692811046,160600,-0.09668504692811046
2016-08-22,-0.03846153846153853,-0.006688963210702337,-0.0050167224080267525,-0.045150501672240884,-1.0019007546104095,190700,-1.0019007546104095
2016-08-23,0.01913043478260875,0.003478260869565153,0.019130434782608674,-0.01043478260869557,0.4821818686478406,60900,0.4821818686478406
2016-08-24,-0.0017064846416383404,0.0017064846416381396,0.011945392491467421,-0.010238907849829393,-0.054762922402532825,176200,-0.054762922402532825
2016-08-25,0.018803418803418858,-0.0034188034188032956,0.02393162393162407,-0.0034188034188032956,0.47375502190331514,225700,0.47375502190331514
2016-08-26,-0.03691275167785231,0.001677852348993314,0.001677852348993314,-0.04832214765100673,-0.9619902007028941,114600,-0.9619902007028941
2016-08-29,0.029616724738675944,-0.0017421602787456303,0.03466898954703823,-0.008710801393728151,0.7524021759165909,162400,0.7524021759165909
2016-08-30,0.06598984771573599,0.0,0.06768189509306244,-0.0016920473773265332,1.689698064964388,149200,1.689698064964388
2016-08-31,-0.036507936507936434,-0.0015873015873015817,0.009523809523809712,-0.03968253968253965,-0.9515585532794483,215200,-0.9515585532794483
2016-09-01,-0.013179571663920933,0.0049423393739702615,0.0049423393739702615,-0.030477759472817167,-0.350411918708275,58300,-0.350411918708275
2016-09-02,-0.011686143572621082,0.005008347245408995,0.005008347245408995,-0.026711185308848084,-0.31192789820097216,59900,-0.31192789820097216
2016-09-06,0.0016891891891891533,0.0033783783783785104,0.023648648648648685,-0.010135135135135087,0.03273990555615628,50400,0.03273990555615628
2016-09-07,0.026981450252951122,-0.005059021922428242,0.03541315345699836,-0.005059021922428242,0.6844940135204063,74300,0.6844940135204063
2016-09-08,-0.008210180623973698,0.0016420361247946325,0.03284072249589487,-0.02463054187192104,-0.22235610684545834,71100,-0.22235610684545834
2016-09-09,-0.048013245033112585,-0.013245033112582738,-0.004966887417218624,-0.0629139072847682,-1.2480378627320727,140200,-1.2480378627320727
2016-09-12,0.045217391304347786,-0.019130434782608785,0.046086956521739,-0.040000000000000036,1.1544144157683034,118200,1.1544144157683034
2016-09-13,-0.018302828618968293,-0.019966722129783676,-0.004991680532445808,-0.038269550748752046,-0.48243268815196505,72500,-0.48243268815196505
2016-09-14,-0.011864406779661064,0.003389830508474523,0.013559322033898313,-0.03728813559322042,-0.3165215475071481,351700,-0.3165215475071481
2016-09-15,-0.006861063464837056,-0.0017152658662091813,0.0017152658662091813,-0.025728987993139052,-0.187590822382528,48100,-0.187590822382528
2016-09-16,-0.013816925734024191,0.005181347150259086,0.006044905008635526,-0.01899827288428335,-0.3668358411235268,124900,-0.3668358411235268
2016-09-19,0.012259194395796898,0.007005253940455258,0.02626970227670755,-0.042031523642732105,0.3051174639422057,117900,0.3051174639422057
2016-09-20,-0.02941176470588234,0.01038062283737018,0.01038062283737018,-0.03287197231833916,-0.7686979102096442,40400,-0.7686979102096442
2016-09-21,-0.019607843137254957,0.008912655971479388,0.016042780748663166,-0.033868092691622165,-0.5160614954421515,85600,-0.5160614954421515
2016-09-22,-0.0036363636363635587,0.0,0.0018181818181817189,-0.036363636363636376,-0.10449380883910434,77300,-0.10449380883910434
2016-09-23,-0.029197080291970826,-0.005474452554744547,0.0036496350364962904,-0.04014598540145997,-0.7631657259446644,120100,-0.7631657259446644
2016-09-26,-0.030075187969924838,-0.011278195488721887,-0.0003759398496241406,-0.03195488721804507,-0.7857936074495495,47800,-0.7857936074495495
2016-09-27,0.00968992248062012,0.0,0.019379844961240345,-0.0174418604651162,0.23891011613047577,706800,0.23891011613047577
2016-09-28,0.034548944337811846,0.0,0.040307101727447225,-0.017274472168905874,0.8795001201064948,89500,0.8795001201064948
2016-09-29,-0.024118738404452673,-0.0055658627087197265,0.01855287569573294,-0.029684601113172393,-0.6323023690271933,34600,-0.6323023690271933
2016-09-30,0.005703422053231987,0.005703422053231932,0.019011406844106515,-0.017110266159695797,0.13618232823514237,103900,0.13618232823514237
2016-10-03,0.01512287334593574,0.001890359168241984,0.02457466918714557,-0.007561436672967825,0.37891136140904363,51700,0.37891136140904363
2016-10-04,-0.013035381750465602,0.0,0.016759776536312776,-0.022346368715083775,-0.3466963011846141,40800,-0.3466963011846141
2016-10-05,0.00943396226415091,0.00943396226415083,0.018867924528301883,0.0037735849056603765,0.23231429924645933,28800,0.23231429924645933
2016-10-06,0.0,-0.005607476635513864,0.01869158878504673,-0.00747663551401867,-0.010788665907163554,48600,-0.010788665907163554
2016-10-07,-0.003738317757009266,0.005607476635514086,0.02242990654205612,-0.009345794392523366,-0.10712105583719675,83000,-0.10712105583719675
2016-10-10,0.0018761726078798848,0.007504690431519689,0.020637898686679312,-0.0037523452157599557,0.0375582652490936,30700,0.0375582652490936
2016-10-11,-0.04681647940074907,-0.005617977528089901,-0.0037453183520598232,-0.054307116104868935,-1.2171985117069921,37200,-1.2171985117069921
2016-10-12,0.005893909626719106,0.003929273084479545,0.045186640471512884,-0.013752455795677854,0.14109098619274799,39800,0.14109098619274799
2016-10-13,-0.0019531249999999584,-0.013671875,0.005859375,-0.01953125000000011,-0.061118576661625144,34900,-0.061118576661625144
2016-10-14,-0.019569471624266248,0.007827788649706457,0.015459882583170215,-0.021526418786692814,-0.5150727032121436,27000,-0.5150727032121436
2016-10-17,-0.029940119760478938,0.003992015968063978,0.003992015968063978,-0.03393213572854292,-0.7823130463348358,58200,-0.7823130463348358
2016-10-18,0.012345679012345599,0.012345679012345512,0.02263374485596703,0.00411522633744843,0.30734607861486096,21500,0.30734607861486096
2016-10-19,0.010162601626016224,-0.00203252032520318,0.016260162601626105,-0.00203252032520318,0.2510905445225517,29700,0.2510905445225517
2016-10-20,0.028169014084507157,0.00201207243460777,0.03621730382293764,-0.008048289738430636,0.7150962441290197,34600,0.7150962441290197
2016-10-21,-0.01565557729941293,-0.013698630136986356,-0.007827788649706457,-0.03424657534246589,-0.41421589575114526,39600,-0.41421589575114526
2016-10-24,-0.019880715705765512,0.00994035785288272,0.00994035785288272,-0.02385685884691846,-0.5230931252766371,31600,-0.5230931252766371
2016-10-25,-0.02028397565922914,0.006085192697768749,0.006085192697768749,-0.03306288032454352,-0.5334846964605962,27800,-0.5334846964605962
2016-10-26,-0.020703933747411935,-0.006211180124223614,0.0041407867494822614,-0.020703933747411973,-0.5443065604472109,50600,-0.5443065604472109
2016-10-27,0.006342494714587602,0.006342494714587588,0.02114164904862581,-0.016913319238900604,0.15265053688110533,44200,0.15265053688110533
2016-10-28,-0.021008403361344463,0.0021008403361344463,0.009453781512605008,-0.02310924369747891,-0.5521524118375047,39100,-0.5521524118375047
2016-10-31,0.00858369098712447,-0.0021459227467810482,0.0193133047210301,-0.023605150214592308,0.21040373157167067,36300,0.21040373157167067
2016-11-01,-0.010638297872340387,0.00914893617021284,0.010638297872340496,-0.021276595744680993,-0.28492605214422995,32800,-0.28492605214422995
2016-11-02,0.004301075268817112,-0.004301075268817289,0.023655913978494425,-0.010752688172043112,0.10004537411986232,40700,0.10004537411986232
2016-11-03,-0.01498929336188443,0.01070663811563155,0.032119914346895095,-0.021413276231263323,-0.3970464820613214,41900,-0.3970464820613214
2016-11-04,0.03043478260869578,0.0,0.06304347826086953,-0.008695652173913104,0.7734826390667088,52500,0.7734826390667088
2016-11-07,0.029535864978902884,0.03164556962025311,0.03797468354430378,0.0,0.7503185076961677,63200,0.7503185076961677
2016-11-08,-0.03688524590163929,0.002049180327868827,0.002049180327868827,-0.040983606557377095,-0.9612814067127329,68000,-0.9612814067127329
2016-11-09,-0.4893617021276596,-0.09574468085106391,-0.057446808510638436,-0.4936170212765958,-12.621108432812266,2003900,-12.621108432812266
2016-11-10,-0.1583333333333333,0.02083333333333348,0.07916666666666661,-0.18333333333333335,-4.090866764402183,1454400,-4.090866764402183
2016-11-11,0.22277227722772286,0.13366336633663356,0.23267326732673266,0.0,5.729811055789841,908800,5.729811055789841
2016-11-14,-0.02834008097166003,0.0728744939271253,0.09311740890688247,-0.06477732793522273,-0.7410817838990313,1093200,-0.7410817838990313
2016-11-15,-0.08333333333333323,0.012500000000000178,0.012500000000000178,-0.10416666666666663,-2.158198191430856,1084100,-2.158198191430856
2016-11-16,0.009090909090909097,0.009090909090909038,0.040909090909090784,-0.00909090909090915,0.22347419142269268,453900,0.22347419142269268
2016-11-17,0.009009009009009016,-0.04054054054054068,0.02702702702702675,-0.04054054054054068,0.22136371523053078,1128100,0.22136371523053078
2016-11-18,0.09374999999999997,0.008928571428571175,0.11607142857142838,-0.013392857142857206,2.405047050306993,1779200,2.405047050306993
2016-11-21,0.18367346938775497,0.02857142857142847,0.22448979591836715,-0.01224489795918382,4.722277227083836,1576600,4.722277227083836
2016-11-22,0.09655172413793112,-0.01379310344827589,0.13103448275862073,-0.06896551724137923,2.477244439527191,1625000,2.477244439527191
2016-11-23,-0.02201257861635229,-0.02515723270440251,-0.009433962264151052,-0.10062893081761015,-0.5780289179322932,551900,-0.5780289179322932
2016-11-25,0.0032154340836013607,0.006430868167202508,0.07395498392282951,-0.04501607717041789,0.07206957945066307,386100,0.07206957945066307
2016-11-28,-0.0737179487179487,0.0032051282051281937,0.022435897435897356,-0.08012820512820518,-1.9104201692550462,360600,-1.9104201692550462
2016-11-29,-0.006920415224913501,-0.0034602076124568004,0.0034602076124565784,-0.06574394463667821,-0.1891202528018647,435700,-0.1891202528018647
2016-11-30,-0.024390243902439122,0.006968641114982521,0.020905923344947785,-0.027874564459930307,-0.6392987709384922,211100,-0.6392987709384922
2016-12-01,0.02142857142857145,0.0,0.06071428571428594,-0.010714285714285676,0.5414023549417846,250600,0.5414023549417846
2016-12-02,0.05244755244755242,0.010489510489510634,0.06643356643356646,-0.01748251748251739,1.3407278186881701,564900,1.3407278186881701
2016-12-05,0.039867109634551534,0.01661129568106312,0.06312292358803995,0.0033222591362127574,1.0165434659048376,440700,1.0165434659048376
2016-12-06,-0.015974440894568634,0.0,0.022364217252396346,-0.024600638977635758,-0.4224326644101078,258400,-0.4224326644101078
2016-12-07,-0.025974025974025997,0.0,0.009740259740259605,-0.04220779220779214,-0.6801111154210426,264500,-0.6801111154210426
2016-12-08,-0.06666666666666672,-0.00666666666666671,0.011666666666666714,-0.07500000000000007,-1.7287162863261216,458200,-1.7287162863261216
2016-12-09,0.0285714285714286,0.0071428571428571175,0.03571428571428581,0.0035714285714285587,0.7254660285581063,285000,0.7254660285581063
2016-12-12,-0.020833333333333353,0.00694444444444442,0.03125,-0.03125,-0.5476410472880882,280900,-0.5476410472880882
2016-12-13,-0.0070921985815602905,0.007092198581560183,0.007092198581560183,-0.01773049645390068,-0.19354692339854207,247000,-0.19354692339854207
2016-12-14,-0.02857142857142844,-0.0071428571428571175,-0.0035714285714284477,-0.042857142857142705,-0.7470433603724277,175500,-0.7470433603724277
2016-12-15,0.0036764705882352156,0.003676470588235281,0.022058823529411686,-0.02573529411764719,0.08394998963064616,190700,0.08394998963064616
2016-12-16,0.01831501831501825,0.01098901098901095,0.04395604395604402,-0.003663003663003539,0.46116947157056987,403400,0.46116947157056987
2016-12-19,-0.021582733812949503,0.02517985611510798,0.039568345323741205,-0.028776978417266008,-0.5669522840284047,315200,-0.5669522840284047
2016-12-20,0.01102941176470581,0.003676470588235281,0.03676470588235281,-0.022058823529411797,0.2734273007062656,199900,0.2734273007062656
2016-12-21,-0.01818181818181812,0.0072727272727273196,0.014545454545454639,-0.029090909090909167,-0.47931438056687603,104000,-0.47931438056687603
2016-12-22,0.0037037037037036245,0.0037037037037035425,0.01851851851851838,-0.0185185185185186,0.08465175744944095,161500,0.08465175744944095
2016-12-23,0.03321033210332098,0.0,0.03321033210332103,0.0,0.8450055361465596,177300,0.8450055361465596
2016-12-27,-0.00714285714285715,-0.0071428571428571175,0.028571428571428692,-0.014285714285714346,-0.19485233952347958,278700,-0.19485233952347958
2016-12-28,-0.028776978417266053,0.0,0.007194244604316502,-0.06474820143884885,-0.7523401567354852,272900,-0.7523401567354852
2016-12-29,-0.04444444444444448,-0.007407407407407418,0.022222222222222143,-0.04444444444444451,-1.156073746186469,235400,-1.156073746186469
2016-12-30,0.02713178294573637,0.007751937984496138,0.042635658914728536,-0.03488372093023251,0.6883679237982266,594400,0.6883679237982266
2017-01-03,-0.03773584905660381,0.01132075471698113,0.02264150943396226,-0.04528301886792452,-0.9832005265216666,190600,-0.9832005265216666
2017-01-04,0.09019607843137255,0.007843137254901933,0.10196078431372557,0.0,2.313466349953774,155100,2.313466349953774
2017-01-05,-0.003597122302158197,0.02877697841726623,0.02877697841726623,-0.025179856115107868,-0.10348260226070376,133900,-0.10348260226070376
2017-01-06,0.0,0.0,0.014440433212996373,-0.0036101083032491488,-0.010788665907163554,68000,-0.010788665907163554
2017-01-09,-0.03610108303249101,0.0,0.0,-0.03971119133574008,-0.9410743809354807,77000,-0.9410743809354807
2017-01-10,0.007490636704119857,-0.0037453183520598232,0.041198501872659055,-0.0037453183520598232,0.18223690942080947,86900,0.18223690942080947
2017-01-11,0.018587360594795637,0.0,0.0371747211895912,-0.0074349442379182396,0.46818743644013333,62800,0.46818743644013333
2017-01-12,0.0,0.0,0.014598540145985162,-0.03284671532846728,-0.010788665907163554,54200,-0.010788665907163554
2017-01-13,0.014598540145985252,0.0,0.021897810218977964,-0.018248175182481896,0.36539986411157965,76600,0.36539986411157965
2017-01-17,-0.003597122302158197,0.0,0.003597122302158251,-0.028776978417266008,-0.10348260226070376,53400,-0.10348260226070376
2017-01-18,0.0,0.0,0.010830324909747224,-0.014440433212996373,-0.010788665907163554,67800,-0.010788665907163554
2017-01-19,0.0036101083032490204,0.010830324909747224,0.010830324909747224,-0.032490974729241784,0.08223990559566359,105600,0.08223990559566359
2017-01-20,-0.025179856115107858,-0.007194244604316502,0.0,-0.028776978417266008,-0.6596462203819478,70600,-0.6596462203819478
2017-01-23,0.02214022140221404,0.0,0.029520295202952074,-0.02583025830258301,0.55974080212865,89500,0.55974080212865
2017-01-24,0.046931407942238226,0.0072202166064982976,0.06498194945848379,-0.0072202166064981865,1.1985827636296464,122100,1.1985827636296464
2017-01-25,0.020689655172413814,0.0034482758620690834,0.034482758620689724,0.0034482758620690834,0.522361285257341,144600,0.522361285257341
2017-01-26,-0.06587837837837833,0.0,0.006756756756756799,-0.07432432432432423,-1.7084029529765685,68800,-1.7084029529765685
2017-01-27,-0.016274864376130172,0.001808318264014508,0.001808318264014508,-0.023508137432188048,-0.43017425136206044,39600,-0.43017425136206044
2017-01-30,-0.04411764705882357,-0.003676470588235392,-0.003676470588235392,-0.044117647058823595,-1.147652532360886,67300,-1.147652532360886
2017-01-31,0.011538461538461463,0.0,0.019230769230769162,-0.019230769230769384,0.28654496070380847,64800,0.28654496070380847
2017-02-01,0.05703422053231936,0.0038022813688214363,0.06463878326996197,0.0038022813688214363,1.4589212755158958,92300,1.4589212755158958
2017-02-02,0.025179856115108017,-0.003597122302158251,0.043165467625899234,-0.021582733812949506,0.6380688885676236,83600,0.6380688885676236
2017-02-03,-0.028070175438596516,0.007017543859649145,0.007017543859649145,-0.03157894736842115,-0.7341266113467232,44600,-0.7341266113467232
2017-02-06,-0.04332129963898921,0.0,0.0,-0.04693140794223827,-1.1271315239411435,64500,-1.1271315239411435
2017-02-07,-0.003773584905660297,0.0,0.018867924528301883,-0.007547169811320753,-0.108029851968611,81700,-0.108029851968611
2017-02-08,-0.011363636363636458,0.0,0.011363636363636243,-0.018939393939394034,-0.30361723756948816,106000,-0.30361723756948816
2017-02-09,0.030651340996168612,0.0,0.03831417624521083,-0.007662835249042099,0.7790631135958056,110200,0.7790631135958056
2017-02-10,0.0,0.003717472118959231,0.015985130111524137,-0.011152416356877248,-0.010788665907163554,59900,-0.010788665907163554
2017-02-13,0.0,0.0,0.0074349442379182396,-0.011152416356877248,-0.010788665907163554,33000,-0.010788665907163554
2017-02-14,0.0,0.0,0.0,-0.029739776951672847,-0.010788665907163554,86900,-0.010788665907163554
2017-02-15,0.03345724907063192,-0.0074349442379182396,0.04460966542750944,-0.0074349442379182396,0.8513683183179629,38300,0.8513683183179629
2017-02-16,0.003597122302158357,0.012230215827338187,0.012230215827338187,-0.017625899280575563,0.08190527044637665,29800,0.08190527044637665
2017-02-17,-0.02150537634408604,0.0035842293906809264,0.0035842293906809264,-0.03584229390681004,-0.56495886604231,53400,-0.56495886604231
2017-02-21,0.0,0.0,0.00366300366300365,-0.0073260073260073,-0.010788665907163554,23500,-0.010788665907163554
2017-02-22,0.021978021978021997,-0.0073260073260073,0.02564102564102555,-0.01831501831501825,0.5555610990661165,31600,0.5555610990661165
2017-02-23,0.0035842293906809273,0.0,0.007168458781362075,-0.028673835125448077,0.08157303411535896,39800,0.08157303411535896
2017-02-24,0.0142857142857143,-0.010714285714285676,0.046428571428571486,-0.014285714285714346,0.3573386813254685,93600,0.3573386813254685
2017-02-27,-0.0035211267605633053,0.0,0.045774647887323994,-0.010563380281690127,-0.10152427966168288,122400,-0.10152427966168288
2017-02-28,-0.04240282685512371,-0.019434628975265045,-0.010954063604240338,-0.0742049469964664,-1.1034634774810597,74100,-1.1034634774810597
2017-03-01,0.011070110701107102,0.0,0.025830258302582898,-0.0022140221402213722,0.27447606811074604,21600,0.27447606811074604
2017-03-02,0.0,-0.007299270072992692,0.007299270072992581,-0.014598540145985384,-0.010788665907163554,37900,-0.010788665907163554
2017-03-03,0.007299270072992544,0.018248175182481674,0.025547445255474477,-0.014598540145985384,0.17730559910220806,151500,0.17730559910220806
2017-03-06,-0.018115942028985445,-0.007246376811594013,0.01630434782608714,-0.0253623188405796,-0.47761682362970503,115400,-0.47761682362970503
2017-03-07,0.0,-0.0036900369003689537,0.01845018450184499,-0.0073800738007380184,-0.010788665907163554,63800,-0.010788665907163554
2017-03-08,0.040590405904059,0.007380073800737907,0.08118081180811809,-0.014760147601476037,1.035182025491829,176700,1.035182025491829
2017-03-09,0.0,-0.07446808510638292,0.09929078014184411,-0.07446808510638292,-0.010788665907163554,331000,-0.010788665907163554
2017-03-10,0.04255319148936174,0.007092198581560183,0.06382978723404253,0.007092198581560183,1.0857608790411077,60500,1.0857608790411077
2017-03-13,0.08843537414965995,-0.00340136054421758,0.09863945578231292,-0.020408163265306145,2.268094912199617,271600,2.268094912199617
2017-03-14,-0.015625000000000083,-0.006249999999999978,0.059374999999999956,-0.050000000000000044,-0.41342795194285914,179300,-0.41342795194285914
2017-03-15,0.009523809523809603,0.0,0.01904761904761898,-0.025396825396825418,0.23462956558126352,66000,0.23462956558126352
2017-03-16,0.0062893081761006345,0.0062893081761006275,0.012578616352201255,-0.0062893081761006275,0.15127997752858696,81200,0.15127997752858696
2017-03-17,0.05937499999999998,-0.01562500000000011,0.08437500000000009,-0.01562500000000011,1.5192406210284677,393600,1.5192406210284677
2017-03-20,0.0,-0.002949852507374673,0.020648967551622377,-0.04011799410029504,-0.010788665907163554,116000,-0.010788665907163554
2017-03-21,-0.011799410029498535,-0.008849557522124019,0.005899705014749346,-0.017699115044247815,-0.3148466518220244,78800,-0.3148466518220244
2017-03-22,-0.008955223880597088,-0.008955223880597107,0.014925373134328401,-0.035820895522388096,-0.2415550626798615,125600,-0.2415550626798615
2017-03-23,0.18975903614457842,-0.0030120481927710108,0.20481927710843384,-0.01807228915662651,4.8790956753455905,1573400,4.8790956753455905
2017-03-24,-0.0911392405063292,-0.0025316455696202667,0.012658227848101111,-0.09113924050632916,-2.3593479444545977,526500,-2.3593479444545977
2017-03-27,0.12534818941504183,0.01671309192200554,0.139275766016713,0.008356545961002881,3.219298085576948,208600,3.219298085576948
2017-03-28,0.007425742574257487,0.0024752475247524774,0.03712871287128716,-0.024752475247524774,0.18056465814940348,135700,0.18056465814940348
2017-03-29,0.02948402948402951,0.004914004914004844,0.029484029484029506,-0.014742014742014864,0.7489827632707535,197500,0.7489827632707535
2017-03-30,0.023866348448687263,0.014319809069212264,0.026252983293555854,-0.026252983293556187,0.6042212220709785,164700,0.6042212220709785
2017-03-31,0.018648018648018665,0.00932400932400923,0.03263403263403264,-0.0032634032634033527,0.46975052861562216,158500,0.46975052861562216
2017-04-03,0.0,0.013729977116704761,0.016018306636155666,-0.013729977116704872,-0.010788665907163554,219800,-0.010788665907163554
2017-04-04,-0.03203661327231114,0.009153318077803174,0.011441647597253857,-0.0389016018306636,-0.83633740798492,144900,-0.83633740798492
2017-04-05,-0.018912529550827437,0.009456264775413503,0.04018912529550822,-0.023640661938534424,-0.4981440192175063,194100,-0.4981440192175063
2017-04-06,0.17108433734939757,0.016867469879517927,0.1756626506024095,0.0,4.3978689623969025,518300,4.3978689623969025
2017-04-07,-0.002057613168724419,0.006172839506172645,0.026748971193415683,-0.033744855967078324,-0.06381112332750574,214400,-0.06381112332750574
2017-04-10,0.037113402061855795,0.016494845360824684,0.10721649484536089,-0.0020618556701030855,0.9455834114394739,240100,0.9455834114394739
2017-04-11,-0.0059642147117296715,0.0,0.007952286282306265,-0.02385685884691846,-0.16448000371800647,142200,-0.16448000371800647
2017-04-12,-0.027999999999999935,-0.0020000000000000018,0.006000000000000005,-0.04200000000000004,-0.7323182664831227,109900,-0.7323182664831227
2017-04-13,0.0020576131687242358,0.010288065843621297,0.028806584362139898,-0.002057613168724437,0.042233791513172914,73800,0.042233791513172914
2017-04-17,-0.01437371663244359,-0.004106776180698213,-0.004106776180698213,-0.024640657084188944,-0.381183738071416,105800,-0.381183738071416
2017-04-18,0.09166666666666676,-0.004166666666666541,0.11041666666666683,-0.01041666666666663,2.3513618121689035,471000,2.3513618121689035
2017-04-19,0.10496183206106867,0.009541984732824416,0.1507633587786259,0.0011450381679389832,2.69396378990512,511600,2.69396378990512
2017-04-20,-0.05181347150259064,0.0,0.0345423143350605,-0.07944732297063906,-1.3459655729685271,271200,-1.3459655729685271
2017-04-21,0.047358834244080106,0.016393442622950838,0.08925318761384338,-0.007285974499089298,1.2095970753740595,240600,1.2095970753740595
2017-04-24,0.005217391304347869,0.01565217391304352,0.05565217391304356,-0.012173913043478257,0.123657843516929,274100,0.123657843516929
2017-04-25,-0.02941176470588234,0.01038062283737018,0.04152249134948094,-0.04325259515570934,-0.7686979102096442,222600,-0.7686979102096442
2017-04-26,0.016042780748663076,-0.019607843137254943,0.04991087344028511,-0.019607843137254943,0.4026163764396456,196600,0.4026163764396456
2017-04-27,0.021052631578947385,0.010526315789473717,0.050877192982456076,0.0017543859649122862,0.5317147931725084,151300,0.5317147931725084
2017-04-28,-0.036082474226804113,0.0034364261168384758,0.012027491408934665,-0.037800687285223455,-0.9405948522163917,152900,-0.9405948522163917
2017-05-01,0.014260249554367213,-0.0017825311942960553,0.026737967914438387,-0.0017825311942960553,0.3566824828455519,71000,0.3566824828455519
2017-05-02,-0.015817223198594153,0.0035149384885764245,0.019332161687170446,-0.017574692442882345,-0.41838133507510833,64700,-0.41838133507510833
2017-05-03,-0.03392857142857134,-0.008928571428571397,0.010714285714285898,-0.05357142857142849,-0.8850911155846647,142400,-0.8850911155846647
2017-05-04,-0.03512014787430691,-0.007393715341959317,-0.003696857670979714,-0.060073937153419577,-0.9157967469042133,140000,-0.9157967469042133
2017-05-05,0.06896551724137938,0.00957854406130254,0.09770114942528751,0.00957854406130254,1.7663778379745183,99200,1.7663778379745183
2017-05-08,-0.0017921146953404636,0.005376344086021501,0.034050179211469356,-0.014336917562724039,-0.05696951591842481,96200,-0.05696951591842481
2017-05-09,0.1005385996409335,-0.07001795332136451,0.10951526032315972,-0.08276481149012571,2.5799818927138833,499100,2.5799818927138833
2017-05-10,0.07014681892332784,0.016313213703099683,0.12561174551386634,0.016313213703099683,1.7968186997865165,404700,1.7968186997865165
2017-05-11,0.04573170731707328,0.010670731707317138,0.05335365853658547,-0.038109756097560954,1.1676677810265752,294100,1.1676677810265752
2017-05-12,0.01603498542274044,0.001457725947521915,0.04664723032069973,-0.017492711370262426,0.40241549935395227,250100,0.40241549935395227
2017-05-15,-0.010043041606886571,0.004304160688665792,0.05164992826398862,-0.011477761836441891,-0.26958694444947034,292300,-0.26958694444947034
2017-05-16,0.01884057971014491,0.0,0.03768115942028971,-0.014782608695652177,0.4747126181242815,286100,0.4747126181242815
2017-05-17,-0.029871977240398286,0.0014224751066855834,0.01849217638691325,-0.03982930298719778,-0.7805570875742621,182100,-0.7805570875742621
2017-05-18,0.016129032258064432,0.0,0.030791788856304958,-0.008797653958944385,0.40483898419419634,180500,0.40483898419419634
2017-05-19,0.00865800865800873,0.0028860028860029363,0.04040404040404044,0.0014430014430015792,0.21231881726413326,125400,0.21231881726413326
2017-05-22,0.03862660944206003,0.007153075822603716,0.06580829756795414,0.007153075822603716,0.9845771227475935,349000,0.9845771227475935
2017-05-23,-0.008264462809917302,0.004132231404958775,0.019283746556473913,-0.02892561983471076,-0.22375489984339705,226800,-0.22375489984339705
2017-05-24,-0.015277777777777822,-0.004166666666666652,0.003055555555555589,-0.022222222222222254,-0.40448041225317566,95700,-0.40448041225317566
2017-05-25,-0.011283497884344157,0.0,0.02256699576868826,-0.016925246826516194,-0.30155215596396806,291300,-0.30155215596396806
2017-05-26,0.0028530670470756723,-0.0028530670470755526,0.01711840228245376,-0.015691868758915706,0.06273177433901292,128200,0.06273177433901292
2017-05-30,-0.02702702702702708,0.0014224751066855834,0.007112375533428139,-0.03271692745376964,-0.7072458093202552,273500,-0.7072458093202552
2017-05-31,0.027777777777777835,0.011695906432748648,0.03801169590643272,0.011695906432748648,0.7050145092674045,260800,0.7050145092674045
2017-06-01,0.01706970128022761,-0.002844950213371278,0.04694167852062581,-0.004267425320056972,0.4290790036168952,220900,0.4290790036168952
2017-06-02,0.03496503496503496,0.0,0.03916083916083912,-0.002797202797202858,0.890222323823059,128700,0.890222323823059
2017-06-05,0.0,0.012162162162162149,0.03716216216216206,-0.010810810810810811,-0.010788665907163554,322100,-0.010788665907163554
2017-06-06,0.0,-0.008108108108108136,0.012567567567567606,-0.014864864864864935,-0.010788665907163554,181000,-0.010788665907163554
2017-06-07,0.01621621621621611,0.0,0.027027027027026973,-0.025675675675675746,0.4070856201406863,139700,0.4070856201406863
2017-06-08,-0.049202127659574366,0.003989361702127603,0.0146276595744681,-0.06515957446808507,-1.2786740772535965,334800,-1.2786740772535965
2017-06-09,-0.011188811188811197,0.006993006993006867,0.03146853146853146,-0.02111888111888116,-0.299112182620835,227500,-0.299112182620835
2017-06-12,-0.007072135785007172,-0.0028288543140029265,0.008486562942008335,-0.014144271570014189,-0.19302992691342113,187500,-0.19302992691342113
2017-06-13,0.02136752136752142,0.005698005698005604,0.027065527065527117,-0.0014245014245013454,0.5398291611501979,131200,0.5398291611501979
2017-06-14,-0.009762900976290137,0.001394700139470073,0.01115760111576014,-0.018131101813110173,-0.26236802454592484,147000,-0.26236802454592484
2017-06-15,-0.005633802816901414,-0.0028169014084505895,0.007042253521126751,-0.016901408450704092,-0.15596564791439904,141300,-0.15596564791439904
2017-06-16,0.005665722379603405,-0.005665722379603388,0.009915014164306069,-0.008498583569405027,0.1352108485760364,373200,0.1352108485760364
2017-06-19,0.050704225352112726,0.007042253521126751,0.05211267605633796,0.007042253521126751,1.2958041721579616,219300,1.2958041721579616
2017-06-20,-0.006702412868632684,0.004021447721179738,0.018766756032171594,-0.01608579088471851,-0.18350256876429727,161900,-0.18350256876429727
2017-06-21,-0.052631578947368494,0.006747638326585648,0.006747638326585648,-0.05802968960863697,-1.3670473136063404,138500,-1.3670473136063404
2017-06-22,0.002849002849002915,-0.002849002849002802,0.025641025641025772,-0.038461538461538436,0.06262704436715244,231300,0.06262704436715244
2017-06-23,0.0014204545454545151,0.0,0.005681818181818121,-0.008522727272727182,0.025814905550627737,355900,0.025814905550627737
2017-06-26,0.017021276595744695,0.014184397163120588,0.026950354609929228,-0.007092198581560294,0.42783115207214495,249900,0.42783115207214495
2017-06-27,-0.025104602510460212,0.0,0.0069735006973501434,-0.02789400278940035,-0.6577070166925432,142000,-0.6577070166925432
2017-06-28,0.0157367668097281,0.007153075822603716,0.0429184549356223,0.0042918454935620964,0.39473072947070015,160700,0.39473072947070015
2017-06-29,0.02957746478873239,0.008450704225352101,0.032394366197183055,-0.00422535211267594,0.7513904896308229,193900,0.7513904896308229
2017-06-30,-0.017783857729138153,0.0,0.019151846785225857,-0.020519835841313228,-0.46905937176447693,193500,-0.46905937176447693
2017-07-03,0.03064066852367697,-0.0013927576601671099,0.03760445682451263,-0.01532033426183832,0.7787880955667292,76000,0.7787880955667292
2017-07-05,0.024324324324324284,0.0013513513513512265,0.029054054054054035,-0.01108108108108119,0.6160227631646169,206000,0.6160227631646169
2017-07-06,0.044854881266490745,0.0013192612137202797,0.05277044854881274,-0.03232189973614774,1.1450729256675976,294100,1.1450729256675976
2017-07-07,0.0,0.0063131313131312705,0.0063131313131312705,-0.037247474747474696,-0.010788665907163554,196700,-0.010788665907163554
2017-07-10,0.007575757575757638,0.005050505050504972,0.010101010101010166,-0.012626262626262541,0.1844303818677176,177200,0.1844303818677176
2017-07-11,0.017543859649122653,0.0,0.01754385964912264,-0.015037593984962405,0.4412975499925573,292900,0.4412975499925573
2017-07-12,0.00862068965517245,0.009852216748768461,0.03325123152709386,0.0,0.21135714707804523,318300,0.21135714707804523
2017-07-13,0.021978021978021945,0.01098901098901095,0.03516483516483526,0.0012210012210012167,0.5555610990661165,225100,0.5555610990661165
2017-07-14,-0.020310633213859015,-0.008363201911588791,0.015531660692951199,-0.031063321385901954,-0.5341716327014702,282100,-0.5341716327014702
2017-07-17,0.031707317073170926,0.003658536585366079,0.03658536585365857,-0.012195121951219523,0.8062744706335657,157000,0.8062744706335657
2017-07-18,-0.027186761229314467,0.0,0.014184397163120366,-0.03191489361702138,-0.7113619862907826,142500,-0.7113619862907826
2017-07-19,0.01336573511543128,0.002430133657351119,0.03037667071688932,-0.0032806804374241327,0.3336318169228801,163900,0.3336318169228801
2017-07-20,0.01798561151079141,0.007194244604316502,0.023980815347721673,-0.008393285371702697,0.4526810158605432,180500,0.4526810158605432
2017-07-21,0.023557126030624178,0.005889281507655886,0.028268551236749095,-0.012956419316843326,0.5962528960783318,252100,0.5962528960783318
2017-07-24,0.0,0.0,0.04142692750287691,-0.032220943613348596,-0.010788665907163554,302000,-0.010788665907163554
2017-07-25,-0.003452243958572999,0.010356731875719172,0.0333716915995399,-0.014959723820483162,-0.09974924464001952,111800,-0.09974924464001952
2017-07-26,-0.042725173210161775,0.004618937644341736,0.010277136258660446,-0.06120092378752884,-1.1117699930809777,231300,-1.1117699930809777
2017-07-27,-0.07840772014475265,0.01326899879372756,0.01326899879372756,-0.12545235223160422,-2.0312704872684177,405700,-2.0312704872684177
2017-07-28,0.040575916230366556,-0.011780104712041828,0.04450261780104725,-0.011780104712041828,1.0348086423321223,208300,1.0348086423321223
2017-07-31,-0.01886792452830193,0.0037735849056603765,0.018867924528301883,-0.028930817610062998,-0.49699459621441505,247200,-0.49699459621441505
2017-08-01,0.0064102564102563875,0.0,0.019230769230769384,-0.01025641025641022,0.15439668221004313,117900,0.15439668221004313
2017-08-02,0.014012738853503227,0.0,0.026751592356688114,-0.006369426751592355,0.35030440080510095,120000,0.35030440080510095
2017-08-03,-0.05904522613065324,-0.03015075376884424,-0.0012562814070351536,-0.0653266331658291,-1.5323200382631468,173800,-1.5323200382631468
2017-08-04,0.004005340453938499,-0.001335113484646211,0.02336448598130847,-0.009345794392523366,0.09242460901786935,96000,0.09242460901786935
2017-08-07,0.007978723404255386,0.005319148936170137,0.018617021276595924,-0.010638297872340274,0.1948143737706398,94100,0.1948143737706398
2017-08-08,-0.027704485488126644,-0.01055408970976257,0.005277044854881341,-0.03825857519788922,-0.7247031783503971,86800,-0.7247031783503971
2017-08-09,0.018995929443690593,0.020352781546811416,0.04559023066485768,-0.01085481682496614,0.4787158120955218,115800,0.4787158120955218
2017-08-10,-0.010652463382157133,0.005326231691078487,0.011451398135818858,-0.02929427430093201,-0.2852910819528013,93400,-0.2852910819528013
2017-08-11,-0.017496635262449517,0.0026917900403768957,0.026917900403768513,-0.049798115746971794,-0.46165796063353715,272500,-0.46165796063353715
2017-08-14,0.0013698630136986009,0.005479452054794498,0.020547945205479534,-0.013698630136986245,0.024511216704186135,111300,0.024511216704186135
2017-08-15,-0.02188782489740072,-0.002735978112175075,0.002735978112175186,-0.04377564979480153,-0.5748141500392392,150800,-0.5748141500392392
2017-08-16,-0.001398601398601493,0.00839160839160824,0.013986013986013957,-0.0181818181818183,-0.046829105496374625,145600,-0.046829105496374625
2017-08-17,-0.016806722689075647,-0.008403361344537785,0.0056022408963585235,-0.01680672268907568,-0.4438796626514394,140600,-0.4438796626514394
2017-08-18,-0.0014245014245013942,-0.005698005698005604,0.008547008547008517,-0.01851851851851849,-0.04749652104431869,126200,-0.04749652104431869
2017-08-21,0.012838801711840209,-0.0014265335235377208,0.015691868758915817,-0.012838801711840153,0.32005331520062197,71100,0.32005331520062197
2017-08-22,-0.016901408450704116,0.004225352112676051,0.008450704225352101,-0.018309859154929553,-0.44631961192886715,95900,-0.44631961192886715
2017-08-23,0.020057306590257833,-0.007163323782235054,0.025787965616045794,-0.007163323782235054,0.5060663488320628,120700,0.5060663488320628
2017-08-24,-0.016853932584269676,-0.002808988764045006,0.008426966292134797,-0.0196629213483146,-0.44509621039510283,88600,-0.44509621039510283
2017-08-25,0.019999999999999955,-0.0014285714285714457,0.02571428571428558,-0.018571428571428572,0.5045896202185236,112500,0.5045896202185236
2017-08-28,-0.012605042016806704,-0.0028011204481792618,-0.0028011204481792618,-0.019607843137254832,-0.3356069134653683,72000,-0.3356069134653683
2017-08-29,-0.004255319148936206,-0.007092198581560294,0.005673758865248235,-0.008510638297872242,-0.12044362040199066,51900,-0.12044362040199066
2017-08-30,0.0014245014245015208,-0.00712250712250706,0.004273504273504258,-0.00712250712250706,0.025919189229997305,74700,0.025919189229997305
2017-08-31,0.012802275960170676,0.0,0.019914651493598834,0.0,0.31911208623587906,138000,0.31911208623587906
2017-09-01,0.005617977528089893,0.004213483146067398,0.0070224719101124045,-0.012640449438202195,0.13398051558881335,157800,0.13398051558881335
